col1,col2,col3
94.01783612626689,151.88562236050447,-0.0011300983580704632
64.1464786243843,107.55829654826029,-0.001121071542225755
55.48469354505272,55.34364548879468,-0.00415647202896848
32.3100742593727,87.77198620530271,0.0007591422769702084
22.347606348096082,73.38557323240632,0.0035347121371895516
42.006712796199444,126.67952616699371,-0.003432882673478298
32.82600479769117,128.2423106316155,-0.0027729694431446613
59.338315906406514,102.61648570362516,-0.0007015401160555334
31.174205478391084,190.95465163053046,-3.0919196365665454e-05
18.034349649817155,153.87033392430735,-0.0029413501225356337
54.53094854269423,53.67298273998212,-0.003200109854621053
54.185098157379656,150.84237740037207,0.00041471784234156206
45.1800737215656,113.40379460342983,-0.0035625098785261847
27.77004695487099,107.65837530032837,0.002549917500626553
58.41393208877455,60.754319643872485,0.0007828544869478051
37.41627903905043,99.86925533447288,0.0014761249213081917
78.22096015546666,157.78627125563358,-0.0020214016650674078
39.602485553211615,136.1775594926487,0.0023532676351730535
34.705000417566346,117.56136506256024,-0.002665315353327654
14.043568422390578,153.5095112570672,0.0032709712796733727
46.437516075963146,160.3883480021878,0.0008733775231113312
29.923247075239512,137.2627250861357,0.0037092102598886125
47.48016766830589,180.5959203636636,-0.006313543860505453
72.19578764829731,127.3824691101412,-0.0007191702917319604
51.15660734598902,52.6682491391107,-0.0005279241181815724
58.80277252896547,177.47176168673982,-0.001247725657525403
25.215596875620925,106.17756165041608,0.0022082868152928474
57.985531318402096,105.16906933807194,0.0012389004005472555
51.30981122074956,159.13191172370495,-0.0016907529061083492
39.07085170943519,110.1264039367015,-0.003526333882209677
57.045267333745095,133.64911668907,1.3943737349601575e-05
41.75282687968641,73.27511830650904,-0.001012390952329601
38.63711465149399,95.35477110521546,-0.00038717832290782283
60.155308632453874,192.17578779515756,0.0004224547436598491
55.933868324424196,121.56653862927868,-0.004623775255790178
47.74849953154903,126.41669970205876,0.005939512000897814
42.96958239529552,135.10737858504152,-8.205900716649722e-05
14.836810161548819,165.40466791700663,0.0018142280177862527
71.30624634832796,91.49735651271024,0.0033831950957296394
8.117882683237326,145.38238644543046,0.005281932527046476
19.969999329498258,103.85322449494467,0.00024183694735447532
34.004750234580854,68.40275261994007,0.00016689523167996798
17.902007635677073,141.30332746359403,-0.002214748071148168
93.17417285683078,96.03989143856657,-0.0007747446948559286
71.95416392173888,79.91984378033476,0.000549932457952039
86.17808275412624,66.35647160593105,0.0004466958610309154
56.001076999730664,152.40378999340922,-0.002980177825350556
10.463280073522888,143.04454990491038,0.0007175288869561051
55.730503883222504,136.7244167713292,-0.001637651282040994
55.20493902672084,134.80216873679046,-0.0017203992629412253
102.27516884999417,141.31198836449127,-0.0028701405903052615
67.43122606025668,89.14588211213714,0.001898964442532079
81.89766611055661,94.69194053769932,0.0023239330324239717
60.406867353650576,153.85287629553156,0.0045740289621379005
41.44159439935807,97.1029070573411,-0.00214264745569239
25.00476521450192,121.47089415702406,0.0008239986439102076
56.485403036649664,154.0373767547715,3.295961000098157e-05
90.39637807847498,114.71637433553276,0.006558860705136228
66.54123225972982,93.37833889633785,-0.002579877672862245
62.415041564373766,116.19991692011766,0.001722787788928338
62.14893921938453,121.62477259980673,-0.002039664850612974
4.861875619263863,108.167023705775,0.0020660533241266834
54.68165633854072,79.38416206584661,0.0004190874060143317
59.615499733623544,92.41678229600959,0.0003721871802266279
50.189798063978614,83.0852165984312,0.0008640999267799495
64.67162075029312,163.25208335869218,0.002541913884246477
8.81468306904494,90.4732190300607,0.0012431619438092205
63.31734737394936,142.796277058492,0.009289016975850028
64.96282671515921,165.14331153872976,0.0023013351736610906
67.28247169864697,112.8936433481779,0.0018311894616323341
26.243388638635032,115.71892680566494,-0.0011684007932300585
50.87172191397773,207.60659583085277,-0.004499614767765891
68.28722717014625,66.16802595270246,-0.0011360223623325717
79.89083198723277,126.56254757680192,-0.00259639578798344
27.900882347940385,148.72230369531457,-0.001759005558732291
54.74979983445365,125.88880022936776,-0.0015691314476851512
110.29068102634079,147.0772520536302,-0.004880194227504376
53.885220639002206,100.41433921548389,0.002056494182025152
25.675858168072747,120.11553505808598,0.001218940249791692
73.4594116984743,81.0207017339163,-0.0008047318998392805
34.82685778799795,100.71891389907157,0.004257423612076573
60.18213138134615,78.83873101144373,0.0022142164832585453
109.66285854024581,161.43030416461798,-0.003660978063741281
34.559200256793574,169.8735253871036,-0.0017042917394270172
61.30124799012925,152.14489535467843,-0.0022328426170460003
46.79726709793752,7.5181583692612435,-0.0024677730023169066
41.23470023978139,79.31053591256943,0.003936710129709504
7.302691578632036,108.40004792662879,0.0003167806443428201
90.04308101098317,72.53715057568725,0.002805541346518948
48.807369874724856,88.9000185156982,0.0011155644921199556
54.248447214615375,102.6316766650362,0.00016988223236597658
37.40961360928931,128.33575690692308,0.001597750331692084
94.21389476904932,79.66950724834163,0.005143510370724775
-7.737299224078761,118.78128270716505,0.0014198154857759861
56.60933918522917,101.82199760960685,-0.0005000825464454048
34.30658137623011,103.0224996913559,0.0020496691964136775
58.799974989468865,99.29348579633492,0.002170193908699667
57.367399485951665,153.52162247512263,0.0015194013700587149
24.624844692141306,104.07350799875448,0.0018030442074246451
66.10044376483751,123.49485802448602,0.0002844467807934737
85.32867235045539,102.94303111408223,0.0013204509191035861
42.686280344042196,116.40813203089999,0.0026503301978610004
72.29703978544315,153.54494184605818,0.00314860621064838
49.11773207794751,148.8071235381013,-0.0007463122313767603
57.853420621135875,119.56068872758459,0.0002354358362929781
65.66207120364074,94.78059267825631,0.00504552882955281
19.523909585824036,80.52039453319776,0.0027933608703970742
71.32442144730763,146.72434819873337,0.0015163077666138182
48.15960895400251,91.9343115264415,0.00018435180239199784
28.999951661622383,159.36508999291573,-0.00035287949096429754
24.725634907697845,112.67336317177063,0.0009970303542094839
32.26866613723986,94.6365489662935,0.0005890499535727417
55.57126303882455,105.9907908001443,-0.0011338683449751323
55.19906764712705,72.09698650508726,-0.003391216846918978
27.81038786511363,116.56061512121889,0.0007510914301279875
91.0251874125606,155.13493820334452,-0.00038393080487288264
47.96454632540218,88.14298866916661,-4.301055882203287e-05
40.19474560450135,135.869828625013,-0.0019925067998966665
63.47757612132777,179.44691833521583,-0.0002605601291703486
60.087905996559556,149.10211099902014,-0.0009655653805181895
54.96977196983314,124.7010946060303,0.00023707536716354545
26.238070236728394,125.13029555526718,0.0012020925865017947
90.32749622444254,158.7943150839498,0.005192081777116834
26.401228269344145,155.6629328771021,0.00044358171893797596
111.61211280912786,95.13793313251546,-0.0020226173770302226
31.240882895329158,47.75864112837806,-0.001265768534745303
26.637942298619617,129.66380728550928,0.0008254546494428213
102.57474112812929,158.4757039262964,-0.0013890675010239993
22.624503256301264,141.96333787522616,-0.0031809387232305027
101.28635376814837,166.72338593194144,-0.0011293782298950914
-0.8518128195258399,173.00530502524379,-0.00027449267408596276
84.18042741702968,66.82664881837053,-0.0014432370094196536
48.66360042831316,125.93953441184831,-0.00108331120262386
66.4600478695008,85.79883043953836,-0.00034160294737852024
51.97884491996349,142.7743501471451,0.0017170370197633527
16.10571476973258,68.99874970418095,0.0030815867073754576
58.08819706321554,97.2919646224662,0.0037408262827050916
51.84568995268976,166.71823828005995,0.00016437737448659926
107.89336686466048,187.4635969204463,-0.0005985360813156608
76.50851394934223,147.48985630960314,0.0033008423161533895
20.708039157646017,148.95472453465837,0.0025530567318647703
-2.1659288101717493,81.63429624963757,-0.004914158614878835
40.74949021101073,150.08881887488377,0.003623201174275132
50.64755812536942,182.89977316477214,-0.0033252572105592873
-0.5708043982139728,122.24712990204013,0.0009274459226909286
47.57039644684257,49.79173474028275,-0.00021321565597730386
10.923951928379019,148.36486232302764,0.0008853394598863013
21.429677653222495,105.74144249447383,-0.0025517243171003343
46.7063914125152,158.64563307392783,-0.002374575309104964
63.0367035900213,105.15115568824362,-0.0019096830903355612
45.42840088463573,86.96487997637124,-0.0013330105326916969
13.995410485189602,195.00426182725147,8.662359794249863e-05
28.349771341341484,131.95376731387907,-0.0002691609167122242
42.145218848052195,146.36590144051937,0.001827666342573918
33.226005220146,103.5103573994891,-0.0006614227614414211
-17.817817794436394,69.68023741345789,0.0032966061902901206
95.91257669772628,115.27893406943124,0.0013914662270552438
57.48123778728086,235.12892726546193,0.0027004660281040142
44.82653111971191,89.83522512920135,-0.003870884441237106
54.37534763729771,97.00874680015909,-0.0034268694847733407
29.8813748533431,85.29724949471522,0.004068643140006306
73.91712856027651,123.96047509294257,0.0035691725753767517
50.74188546887693,93.2297238956599,0.0036732621932558376
64.04130314529726,86.8927149399842,-0.00045721344306186924
23.28138661126582,74.44811499943623,0.0022342620810188317
103.53272555801834,73.8802595074958,0.0013587116354955217
29.76410606745613,106.70449919421387,-0.001426408363412292
23.616434885871637,125.9950324739794,-0.0020014722430218125
56.3057698387086,122.4383468970004,-0.0005743912532166919
22.360873254837397,103.4760332784002,0.0018225643428459127
62.94653137925008,89.04239458268884,0.00024106782171022127
70.16387280430294,64.12644086963073,0.001311442046749861
29.418865680100723,144.79686335713134,-0.0018382963235789407
-3.4955374924711364,65.634069126708,0.00011753086932833512
55.996458138423534,91.6799749288667,0.0015410090769738946
0.6354683921462723,121.8678319384461,-0.0029176600577666234
29.729714011043214,125.95459085526674,-0.002072496390617742
37.43145704789006,160.48774211818287,-0.0013890390893407665
72.59313795909885,83.56287984743645,0.0012787638999404941
90.051591050023,35.234984342735984,-0.0019193795491633022
65.14095123383638,116.93521929601484,0.0008963019763469177
31.108547897644474,127.36600082108548,-0.0003736585224137897
82.16237645034201,133.41018756545205,0.0008154426658135757
36.64418479731557,106.6871824431501,-0.0010411081209471497
59.87871975115276,109.08646579070677,0.0007001488939400169
108.31559236048079,155.61986311211277,-0.0007842955358948123
83.12572221482702,109.55136817634384,-0.004911488530171464
19.464292969772558,56.873799495269196,-0.0008457416483681247
49.04323145918623,184.6220032191438,0.0007897088013676427
42.19907649577751,154.11741075349119,-0.005328548535644466
55.301782908875005,152.00916546383704,-0.003562664772710286
81.47000428030726,136.43804440704594,-0.0009994763752722866
66.74623853240118,206.02323598459634,0.00044002427235246774
55.66502813909537,107.70439594565465,-0.002047018754996543
72.43879522957153,93.41700770925755,0.0001741349001169489
34.74870705670217,141.49734651422284,0.0008059435542883571
78.40942372008158,105.88011321100277,-0.0006489436523018671
20.3092294286217,108.24703465020507,0.000911138310858975
70.32528095624262,91.03718048411935,0.002097890439406066
87.57547891561862,139.1368432693559,0.004525823756849204
26.215611230058826,79.42320343476183,-0.004286168206714254
91.62131900528342,147.81360727583655,-0.00013237525105218276
56.57985427866022,83.71477792854665,0.005897350262941485
52.23603644063318,128.1872893551538,0.0017511512373593445
62.37287963822401,132.31044928496837,-0.0019039015599354922
62.097957423382084,192.02592097095095,0.0032448886154226282
94.42049429619031,105.8369230064572,-0.002383925486771701
44.887926842820285,126.25444808411324,0.0026392767866829313
-0.25620552409002073,179.33208586440526,-0.0003792768222454714
36.21183853684129,87.79815885209132,-0.003987582500321562
72.23232761587457,126.88803588282502,-0.003107964258344814
11.194547651526854,112.1548096535623,0.004024962778847034
41.032325324277615,70.1141322062858,-0.000590771330919554
40.65391781814985,27.123222385738643,-0.00012926604683821167
41.85807737238115,149.3204383816581,0.004458713295905687
80.97469940482213,114.56397026602092,-0.002665775620859722
122.66438093338947,126.38026209155058,3.519520178019114e-05
47.81733294656486,131.38132704498918,-0.00034637817245017984
31.982316405284436,104.55328364887525,-7.733784564793301e-05
32.85360841676233,98.57551355263205,0.00025817808271988934
41.16528251910571,178.41167646966386,-0.006388814174944987
79.96449098636717,169.1235094217203,-0.004996500067628234
38.637890427186335,110.87070565330052,-0.0033913323637584686
26.09955834166888,84.25185479067733,0.004225642733534669
75.47426269863706,170.04077021287756,0.001741280885831965
15.978648974147625,105.35777792091156,0.0011813042112538879
13.296644284103856,149.92517972915368,-0.0005777114981040394
37.71196543742806,149.8517675424133,0.0010725589715919637
38.11118971715068,165.99914265649687,-0.0026043954883092644
66.26081019648366,145.607260763883,-0.0007445758335683127
57.910090604462404,79.19059669327376,0.002229078014529613
43.18451002957039,105.42250306340551,0.0025303602909289968
28.216697485078598,73.52395175288936,-0.003750795159919836
65.9748004400273,78.1348324636066,0.0042317264611237354
-11.478711206018083,185.34295985259845,0.0005102962237877969
45.72569445708862,104.6231446312939,0.0009637752891250895
47.42805067219765,163.98138010442923,0.00027697455626018964
52.84347756580899,111.15264301692775,-0.00013565596573877285
57.38187186323215,62.65841781999588,-0.0032483203707330734
69.92980608470624,130.4010634800677,-0.00044189324768670714
49.04367964723761,136.76523794501708,-0.0012995281837832856
26.08549543426657,131.3006745673009,-0.0023568495095785493
60.276387191858134,62.93157273398596,0.002482501203602485
62.13049339466259,133.4681293908423,0.002370493447299078
96.50348226257066,160.77863251518698,-0.0044359966808461175
11.641235280612577,101.74568288075096,6.451235278756896e-05
63.4289506498947,98.11101010034461,0.0004518374469871449
26.745991497457965,102.22469056950872,-0.0033892819113831804
21.90935104767396,75.56868012517843,-0.00235082415210513
78.87340182443381,90.05640401415621,0.006347240998879022
62.727556407858835,130.90419701573313,-0.002067541194387936
68.69207177704514,103.51685475697359,0.00029573425610861963
122.28185151088415,120.78814302966776,0.0027720570671251276
28.250332472136353,122.98753932311293,0.004270311639951432
30.446320674174192,189.52024666055146,0.0017077250050247998
32.30490923111385,147.0228254267044,0.002346058303955794
66.43008092165194,67.69828179342241,-0.0017512206279890338
41.38020305133317,121.56698831805336,0.0014978102299551162
53.632992145519395,76.15714990070889,0.0009181226858800667
66.10665285993554,144.40762130813297,0.002606948711134438
72.5421362783406,140.7842879872714,-0.00016752432712535982
0.6515797992846046,139.7196614075939,0.0005022694515194693
56.33810082264308,78.2673901805565,-0.002604379127095926
78.8593128259192,122.82307771016282,0.0016444437349851504
49.328501856275246,125.31922121857306,0.0022634454440041978
33.642569843891366,127.70924528153039,-0.001112744204547883
35.99240624685394,113.1132221310375,0.0005370932022894159
34.71726463319367,169.47179374379928,-0.0021549243412579424
43.1277582697221,108.41133558676474,0.0034897040775892212
54.17626746953789,161.4079498147609,-0.003579476613312107
56.20760913177111,156.28633259574514,0.00019997112772401237
79.21453283666557,105.618221062817,0.0033989920779646226
114.7557125973012,111.18050493899742,-0.0010723117489911628
90.39206732333429,181.13354780348777,-0.0012587898570204893
36.40473477515105,114.09954288042823,-0.0032393169890510484
22.04136211510103,88.0849564101739,-0.0018492366173978906
47.51305018404308,132.6824944323999,0.0037392558176066754
19.744730286571915,159.69651033634932,-0.0005142245655614925
47.08719545687555,148.55022185935027,-0.002704817992337978
59.531715689965615,130.2421275452388,0.0011887209151385982
56.844954630328914,212.6715936554381,-0.0015357196370301396
33.2117184307422,101.80611541034432,-0.0013374166631424664
30.14606428146505,167.0682661594393,0.00342588669395243
32.06633326383239,94.27154556794497,0.0011380122098849455
32.600084411716466,147.0416993443822,0.0004907837404617677
4.836031545089277,179.97870432519238,0.004330762380381007
30.85487317119525,110.2851008599418,0.0006907247294975908
58.14994164118891,147.96409394970672,0.004847419012744852
43.4137323261242,95.49810579564873,-0.003323371565379956
27.45060649580716,123.05457912147924,0.004327580845627259
33.5974287916048,132.3069893712133,-3.7971823643722655e-05
82.75629265116734,215.25132427291987,-0.0012780957504021355
34.40920648644435,161.85150446021257,0.0016453857793206183
101.72574407891778,145.27690614746956,-0.0008644927683136508
65.53233955925425,164.17591427279802,0.0019794726879307986
63.12970509894194,162.66230605189318,0.002820322764198732
88.33969065915701,147.60992314582637,-0.0004012378386685681
52.74008646434801,167.69823029601955,-0.0019676890019220765
59.135897494290504,110.08208356966472,7.090954090647805e-05
85.35134895715092,131.12974767370417,0.00011355723766138684
9.327974776461133,151.12281416173158,0.0015576222722281246
110.8471208168209,113.1634209601384,0.0005299013082193698
55.69854302421138,181.05723998590858,-0.00022810230745501736
56.55256338640578,146.14008982853028,0.0004514574366061328
35.64842804325008,131.23746140054826,0.002589715380652086
18.93325797078081,129.03630370309105,-0.0016860949518856599
82.948010423421,69.39227899285973,-0.0013457205293882601
59.38193799133235,180.6276257076538,-0.00015688043645171928
32.51431647413703,191.99468187186162,-0.003488967035613342
-14.846532394996323,140.09406625663942,-0.0012086353606396052
19.08547375698002,149.75800559555665,0.000589323562320755
32.25846331060467,78.13933249044219,0.002104764047809347
67.24817949650497,120.67592620220047,0.00445312287296527
17.67779504467983,69.30806980318226,-0.0016662972975374217
47.19893196681678,133.01110758431554,-0.0005799067356046028
58.657049017303606,79.17526041569242,0.0034819581397976416
46.14529949034239,164.48535145874496,0.0008277914155240234
61.67393777161242,144.76692213745716,0.0010808640923627723
67.03268737956957,172.1150564780393,0.00047535142941847815
68.94258762016293,121.01589991581062,0.003473165739846335
29.02212234929495,189.10579859100494,-9.51875783068095e-05
7.284430689956025,128.8610886021818,-0.001640126815102245
72.73581460695868,100.74431255042903,-0.0010739531559312632
-5.934992900530844,107.95845619971492,-0.005841389552358023
2.8720246921942305,151.6328048350845,0.001895868157456405
60.77214712884233,89.42338525072427,-0.0001133958278189404
48.408694283111366,82.53081040853931,0.003625711212141119
73.79387250895991,116.28990071012625,6.642827170487405e-05
54.51709456722917,50.71754258793304,-0.000594228900878717
28.86098930572879,88.17573773253748,-0.0006760035145021174
100.31319992891011,147.32660385201532,-0.001375267613709321
65.0115898336627,174.64331011088746,0.0022305404388797754
50.23076323628932,100.94912868731365,0.0016847552963208143
59.85086245558702,156.48665506696508,0.0015327632363516673
78.75557412712608,104.97189504653436,0.003177329148861243
54.206374403086734,198.9850426751691,-0.001659739854887988
98.53464726875035,131.37506151018238,-0.001568691889012852
34.569234827991316,112.7107644151431,0.0010241122361290505
63.57811160085182,103.58664255516102,-5.709198120641605e-05
110.24245214020078,186.46250494812017,0.0010534196602978434
49.60758001363674,128.57034829551714,0.0014805644869840804
19.04052930363471,114.97856339965182,-0.004020673794184014
60.01619650311325,147.55540055640148,-0.001163152707906562
93.86724638364856,80.10346422729783,-0.003528406835639646
54.98012633032902,161.95729148778287,0.004060895603180352
35.28966011523871,163.09468952885743,-9.121133683026213e-05
43.53821190484136,156.07130098896286,0.0015741076451253875
3.088446053540814,177.42301036697398,0.0033284673173785135
30.48678748194581,138.50187561678777,0.0011925270673099583
56.02386900429098,104.42917340930858,-0.0016173989675885747
47.77615648946837,166.4816955588692,0.0013120204999887899
37.83317587142898,152.0391833346981,-0.0068650834634336735
81.61441618650449,61.59438452609057,-0.0008720833918690547
16.248989629458293,77.62156336779954,0.002799907856067019
35.03559826595303,136.72642172431924,-0.00011148957907934723
62.25852926638459,127.0142245081363,-0.0030911655596295886
77.22013035220019,106.46568637560608,-0.0037506811990683482
36.176277956672365,178.29523763726155,0.0020511629137119425
38.46602100158569,111.6695993449163,-0.0007737166577781554
108.35441176396778,138.00243722512337,0.0010382762084010283
78.20032649908084,132.8472356229825,-0.0006228301153426177
42.854641894192845,121.66898471192295,-8.811074184224725e-05
69.47929338016019,126.11835204603061,0.0017677203932246067
46.18663772757405,127.0795277934645,-0.00481524804178907
74.91666786626432,136.72586690608568,0.0024074217529540124
-34.943677336490325,199.45731790510615,-0.00033487771464246025
80.44501225652789,86.79692716449861,0.0014787708364572675
18.158121476178025,101.7834832814336,0.0046155838031065625
43.017950554068534,132.07812063894687,0.002099003680622488
62.795675169954634,129.66471189708787,0.0008813927181751809
117.76740421263777,122.17254237207463,0.0004863868659409436
78.78731927707773,164.06147600296742,0.0028630740924487775
66.91764160113753,83.08396999411318,0.003939169493597264
15.480329794065526,135.14656571884538,-0.0018166411527200726
46.66434285074273,136.0874889243269,0.0007762813701999252
60.67023331006574,182.36301773481014,0.001094907632696684
41.477079763028364,158.96776851041454,0.0028689564017681576
13.138736805252535,145.76207610280997,0.0016918651931290335
39.93815014998321,173.79163999171857,-0.00036010696927233217
52.13101285792564,118.01467270093931,3.917210502679803e-05
16.9231157055633,72.3862996216226,0.0038453332945760283
24.107141077296134,88.54407176549594,-0.005189347889475676
30.100691279372267,76.59847990840268,0.003959861198470362
77.61058409646122,99.46488313470239,0.005431342031689235
76.80227154955561,112.5492770882495,-0.006023453566045407
114.52647179909586,74.20420495704897,-0.003964783213739937
77.97807422282634,212.11166507312214,0.0033385471610295164
64.7616565438729,145.6667941233011,0.0020588619324901037
70.38118167133337,134.3742903533117,0.0002528045540162585
46.708868637256266,97.09468068717557,-0.0006749784881909758
-0.2703879185947997,120.70604203787059,-0.0023814818285828447
16.712354692160652,130.7262191988249,0.0033571798266480877
74.97397932050741,67.68834624965749,-0.002383981693104368
75.62101260322657,88.86477055543736,-0.0005398837434557309
64.36236370422175,89.37410753149322,0.00025563556953424755
10.072290022523646,102.59023350448246,0.0007724839949481887
2.610068296228995,140.11064284345022,-4.572167281307027e-05
64.43261099622015,132.31153364427053,0.003290015997984499
52.12087132436625,108.7831937841182,0.00029642775812336827
64.16774382312575,126.00722097474366,9.946761758433925e-05
28.28447091556136,100.37420385017664,-0.0033795049340337884
98.9269068652649,79.45170697892321,-0.001668700975437592
37.402796014388855,241.3388627659061,-0.0007537385077653293
95.32419938700528,157.80760605571743,0.000634237670461196
33.957830527084575,307.9238192524233,-0.0029124430711839574
67.6936829712897,227.43056775973577,0.0009602382746932255
53.10813191355495,186.7625905435495,6.549217909485428e-05
54.236000968964305,245.01128114463225,0.005305280074523281
42.14325508186869,120.7231315640085,-0.00025395137369569145
134.5630363021129,150.874218900742,0.003923440716110323
107.9904873489483,164.1934138222709,0.0013355218036448396
106.53801989070016,173.48489908633152,-0.0005327788456595762
41.43066002748438,139.6323229050972,-0.0016106143963925217
22.510142485618772,195.49186252965717,-0.001902494411729781
65.45375025360556,110.81213587988059,0.0007597144576397094
83.12176683442426,87.49348290418261,0.0008641283808625274
94.73286028950841,129.2530996273054,0.004004346802603648
70.91058954548055,156.12883603664244,-0.00017532481545008856
75.01450428620123,197.72455663296554,0.001262423229587346
31.4441695171341,202.69651660648657,-0.003459262650819304
55.28993549350662,145.53596685225773,-0.0018191997398127214
94.98103090244815,251.79805115329484,0.0014326292859650623
26.387797908415614,176.8252275183352,0.0028931929320706847
62.741461071760746,317.20038745346386,0.0009107081703926856
64.22421305158738,177.21358692042128,0.00028248608411637964
54.07492232855359,231.3893594751686,0.0022731484975008352
35.411871165642395,122.77730902498843,-0.004480978070143752
73.53165265262614,134.91310366130398,-0.005246822234883032
70.01383621500662,326.44977072149504,-5.5139065898227794e-05
83.26793841840947,198.03473174189375,-0.0002796038884305345
85.64193780868996,178.21707723159355,0.0006061807636325335
68.0435740264268,158.09521044383797,0.0023586117782627156
53.41238478827732,153.42686199610705,0.0012569913372792263
32.09833150958796,195.17751495852926,-6.251029147003182e-05
90.55631292745947,218.9582951931728,-0.00010098073209779677
82.65740967200598,267.7168467556731,0.00130850253548164
58.87155958373489,123.81034715412005,-0.0026162365236802082
49.57486927919219,161.21499376561007,-0.0004926129374404653
60.23544625751035,221.88721482710278,-0.00021094584982021434
72.89858141119844,197.1104353921234,-0.004817755303626175
30.89440573914384,186.0027607733077,-0.002965878910915784
76.24006513455817,275.2019556519374,0.002906890627036039
52.27869878626679,273.07030483789765,0.00031906683110819047
48.63625833633625,161.00779405880667,-0.0007719242456362594
47.131157210654756,202.75272542210865,0.00034786053930673926
58.65631219652321,216.94725505098074,0.002838898345849683
86.53978842831296,114.59335784076485,-0.006216639836665951
86.09099869097574,120.87887406863202,-0.0005840109197128025
24.0958558699203,97.70605626105485,0.0012689689654036983
80.93076594653368,162.97261655375831,-0.006306410434979397
42.474593864942264,214.54348215583138,-0.0036169296144775804
63.968235309772304,192.8612540012557,0.0013604507966268591
62.08933371787279,141.852547443737,0.0028532274024174274
53.89640666659317,192.2224361138122,-0.002297392268479112
45.507789173203506,146.55346451520708,-0.00045869550181396024
108.99232973479917,120.6113867633873,-0.0039425551234624516
101.90624166657435,182.5283900220469,-0.0016584853816914236
89.20145337050221,161.42252372985638,0.004375406372006418
78.5378071207696,167.6912561918272,0.005176590029763393
40.72263469795263,233.19943612542687,0.000683325610612157
96.9149790663011,276.8402031131269,3.693836986219598e-05
36.37140774587651,218.1740073623032,-0.001679385973746524
117.87957814200006,200.94828372396086,-0.0009239197632715644
64.00713297313536,121.93085555059183,-0.002390125112758329
93.92994429821243,158.6915006731213,-0.0025722167346652254
74.37599848230218,256.8253253668998,0.0016981968496040218
87.90945635358534,153.37094446461197,-0.003478841728204895
102.79483240036717,176.4912234337029,-0.0006470505857596305
97.69426185389295,223.3005462870663,0.0010620218877157401
122.34605433564086,159.40388747622976,0.002203350674860905
60.24614587899608,207.98142405803125,0.0036558582395441064
73.5270696493782,222.34541404283294,0.002553201350145263
47.81532285396074,148.98167674487885,-0.002567133950624225
0.6390696957185611,303.18691170711037,-0.0027083614600540897
52.0485994004231,178.93400142091045,0.0007029480908395473
82.59763417851562,239.50406393008646,-0.0014505217804818608
53.64328812616396,208.7263849187754,-0.0006418708234495312
105.91787056263352,219.82516701725564,0.001736707224530119
78.0946035029223,256.1739594386117,0.0003973091938309574
20.36280383397031,214.9633684397296,-0.0016156429136339866
42.99389570753532,224.90543508829896,0.002954099057637167
59.19322452255097,210.1245807208641,0.004076031802389871
65.65900115437951,332.23808402711404,0.001327121952145608
6.695722127698346,233.79839323785455,0.0008813027965373734
96.56180508486362,229.52918638097248,-0.0003752876831213985
22.499596950256063,182.54438990021396,-0.0020972828545414196
41.46475812281487,225.0233697021234,0.003997895026182526
70.1933295915746,129.9858262388024,0.0010347309679030092
93.81851677563814,161.20057660458437,-0.0003645532309815678
58.99928262945124,151.87421199305152,0.0015272876725207487
55.003529508567425,216.02025412825938,-0.002186692075430805
45.67935874876534,232.14949948356963,-0.0009420851693732193
109.44174244490083,172.3926523585354,0.0005029004232347449
86.04006120546332,118.13675754062228,-0.004298645543211838
13.621795822853642,260.9198276072009,-0.0013750237413407695
133.92936500694856,163.6257136402204,0.00040584522283958863
103.9960740913589,300.5179079090785,0.004944904376886038
94.16421423840791,248.2165525711661,0.0013924582640064877
81.49655898079672,164.32136845422258,-0.0020191191612872338
58.46716935593774,184.61287303002618,-0.0011365052403571106
79.0816724195004,244.55464860263334,0.00017333787470958934
102.09359561992366,132.87210861361007,-0.0005087869965685544
37.4494873998987,94.26789812218435,-0.00024040552272794005
54.97998092093162,274.28052751333,0.0014850427590552336
28.394741121739226,292.42261559628486,0.0029123846577954445
75.71477539182922,181.6144536027817,-0.002360682624378217
47.60162364664761,251.66162974171002,0.0045170629402914
104.02946844973538,167.64129909619317,-0.002748043730831474
62.71699020287736,99.49239973193357,0.0007410631706257894
54.21830815882812,168.85627846615475,-0.003896949766631372
73.69688343272627,165.30584321181283,-0.0028696834582950816
-26.048285145115806,192.211232383951,0.004245402388437573
107.50612916726693,169.3324215297792,-0.0014967952960299495
72.37634479533875,140.504231521318,0.0006893697486655758
81.13477514869912,259.02111918577947,-0.0002826616604287251
52.56649034550308,146.9166935084157,-0.002040113679493592
51.894666599918004,213.24192708432105,0.002168876401287574
34.905480641444115,273.1748208111551,-0.0006961195818210897
57.93711279014042,153.88134141436768,-0.005903030817715801
84.60994615901164,232.91975102992845,-0.0007207959472716462
60.540078867027276,221.154723617867,-0.0038191835483792594
42.98105157798496,235.97788941953112,-0.00307372283152561
67.21459274672036,121.42727004674163,0.0010875162580728911
57.516605058641154,107.65731289352347,0.002776247288847689
36.92601736855515,150.5238921904272,0.0004445815133526758
92.4046425967077,139.57559801855237,0.00010870351977801394
71.19921687157324,230.59032016308078,0.00038623330939174246
47.7541915581857,149.60050976010845,0.00016786522325096872
26.982102747927826,38.09021059001432,0.0010152808005950134
85.19587548206705,67.83065637751594,-0.002482303163890427
76.80643601746362,303.2555266081992,9.828007316553479e-06
37.120114027969294,183.93586204744346,0.003284424604055811
39.53691937414768,151.11295289653566,-0.0012078829089016078
30.48217529342365,200.2098553528193,0.0038885242656862295
68.08427108903733,180.23669085224194,-0.0007461488497803823
12.51605551493045,240.7096362105319,-0.00022869244796201586
53.24976477361774,363.7363978192544,0.0006820205143922551
36.4193327483878,170.96951307075818,0.0027368441454014483
61.903446711065286,117.07626342419586,0.0021825261087470298
38.88351462954836,293.44545414075446,0.002571437195978187
45.38878403350333,261.9014999957599,0.0001236382038059105
83.6887028206755,219.49272099633998,-0.002087213482386645
39.608044365812276,248.53068609041514,-0.0008500494268391545
46.675373229183734,142.80834175265682,0.0009839376706414396
119.32714005854672,136.8215483754531,1.8112542605985343e-05
100.16962204117225,189.435059689567,0.0010535191556479563
27.269197979965835,216.48757802967688,-0.0004930312138384434
87.60550431899927,256.91490048684835,0.006221919199040998
75.64217203040107,211.02801896813938,0.00042962449626140814
48.16254315051333,211.70373621388623,-0.0007548309370211622
63.529322710379844,263.84975439476625,-0.0024745932430414834
92.14661473468686,263.8240589119214,-0.0003259844192079005
-3.9418032526396374,161.30501189752698,0.003096081814682235
57.892901201460106,140.45540459714223,-0.0012611617401921825
83.33066471525774,222.7947811247532,-0.0006182704359870175
47.76018438520774,172.8122238971062,-0.002271134764879659
106.15443216616313,176.51036288140082,0.0029030132702307088
103.38350012073161,246.84506236007056,-0.0010842509576871448
70.46018853625375,192.3880128841584,-0.0022258921716292197
68.1219792596843,130.88287171609304,0.002831723484388331
44.87927343053135,204.39007117159093,0.00064462120598321
50.939416595583424,224.92299878479332,-0.001188923655628124
84.23439595818041,121.99192211415291,0.0002651677541156824
115.68608949896176,140.4005967982399,-0.0016794575576969516
73.70594933187131,203.24086836148516,0.000807475829164383
72.97769398594113,227.48087497544054,0.0026431444888527305
70.63955350852275,180.82763781837295,0.0015860364106465876
114.53578992104327,186.61277221000282,-0.0023971751404746632
91.18041146304026,187.26532501488037,-0.0052946539454821456
83.53103665191391,165.1659149801788,-0.0002593955633143829
68.34649010218612,203.82233801490804,0.0016752192588699757
45.73745043918642,221.00382025760644,-0.0006681229507163483
80.33142572350454,226.4501129319259,-0.0023026418056649226
90.55886264088039,165.1320821005253,0.0019136794411987758
69.38660946378495,291.5753337639542,-0.0005808685158517982
48.27594666792192,192.64237497823245,-0.0007736414812665121
82.13231522297967,107.59453230200465,-0.0025885921913589233
27.109840980525394,244.28848359236412,0.004096341834664244
55.489576608465256,184.68545885337582,0.00012895039856377998
92.79471194455883,144.2872976734431,0.0005359932475987521
87.29522808425587,220.36410028492807,0.0004180100980028226
88.05670596917244,49.70683409184673,0.0015988573861952483
39.29796006105208,96.1800724306369,0.0011957904855721276
99.03361181689883,186.35634540843668,0.0022638917503525974
106.06318397116154,263.706857767825,0.0039254907783878145
80.42914255566174,197.69410601516367,-0.003914513360530106
51.31774736262011,148.76667646311205,0.005209562536375481
53.38510382500519,200.23832147137145,0.001293206870677103
59.851076539543065,283.9523200955694,-0.0015462190992839575
64.29957994649143,154.13384441500216,-0.0032326860503915714
40.54428308736358,191.70411175310375,-0.0010786450935335533
38.1683340671906,118.77842895527216,-0.00024143303220844077
14.238554190777805,234.15598830911355,0.00015890747513451806
15.628116701230518,177.2086545093427,-0.0018594077409170762
67.96923947325953,265.06686359419336,-0.004575212728515487
61.95516749735063,185.14821714330168,0.0015830531191672742
64.84720416138674,153.6279565005437,-0.0008120301604812186
35.11620585328068,250.98303898078737,1.1080551057192725e-05
114.57434481861588,190.4459346714456,-0.0017536073959923011
13.973596606892428,97.64431707636601,-0.003871395146629056
66.435945434604,220.77050724010846,-0.0038642726304147844
84.93378993264143,167.94957836451636,0.0003145338348038121
106.06148623897039,241.44084932844265,-0.0006898490080628394
32.31267027403669,79.07440957251838,-0.0017795959293328033
52.34682733289176,141.1010403470014,-0.00035787820287847244
60.83058200790653,181.70116449401004,-0.0016123677602038699
63.53502885201711,217.2136790688401,-0.0026773845843808823
100.13167327446521,188.42598677945506,5.126600830430362e-06
79.4300869690244,206.09734741738842,0.0022645255582007797
67.0250584095642,161.05920379085222,0.0008337711826549187
24.873193349915617,199.45834698061748,-0.00012081823545919071
52.435599475056556,186.83093108527717,-0.004591358782502622
42.40152123928403,198.62140179764216,0.00034612518396312004
28.29197772083068,261.08619283170515,-0.0021351400880022103
87.12611899778734,216.4283155379713,-0.0016032379711614368
110.8660129369483,130.10545684543297,0.0021823453132903377
88.04304349157448,157.96047974413312,0.0033269600334652986
51.20038069078602,209.05198960388378,0.0005890821372629815
54.60993565816685,236.85897456452204,0.001878446842817174
7.056032644768564,263.1436923375578,-0.004060884633656561
88.98467753515978,253.68313270696922,-0.0026787566212895246
46.464272975707466,134.78858222849107,-0.0005602041422698917
49.492100995248606,235.20009605450352,0.00312827972415495
99.68246095056152,163.73646829957644,-0.0005464217946586088
8.973650535745833,150.7572901855222,0.0022928560997064022
106.1605341932556,127.93719916352468,-0.0014732220560839259
49.942766849966624,48.3645853687749,-0.0019374616526084763
62.94281123171205,29.043853921025686,-3.65538336283235e-05
66.4700568921574,41.35021930399982,-0.0010452385557424778
47.54157701778888,38.92141462717284,-0.0008865612075844617
43.23620317302059,82.14985998115117,0.0013389437216354302
42.17753037779678,59.04461848058726,-0.0008000408359074513
84.56007564405306,50.65747377145702,-0.0002585229873318184
63.6254975171792,0.9330591243805344,-0.002695681464569474
16.249269324028276,44.848469206130005,0.004139788400294309
115.09801658020623,57.535262861977536,0.0011953270373480163
-1.2720050106729275,27.280019594832584,-0.0018852987871474467
32.787739454489234,36.877086345296476,-0.0011305950449618687
-6.4159021730703145,60.35032625783012,-0.002566529323311505
57.609249381261854,94.33255950175055,-0.0021999069392814956
-22.316884647219503,33.85699659389391,0.002629976862029578
107.22086093067986,9.67931155281397,0.0011854172982980746
37.27639374764958,38.47080127419477,0.006319627314559398
7.330514625061475,47.68755312506111,0.0011160747296918272
82.03957482788888,43.696402404000956,0.0007344291895845436
39.402205967053014,48.08184132175182,-0.0008224476443264648
68.6427867856494,31.714648854703093,0.0008995014425460685
49.86031490429049,70.03989705957213,-0.00012486696447707907
-0.4632224323442813,73.52150205995012,-0.002167269442685606
31.837735847543208,25.922252405494568,0.003283761082437571
-10.928719056767314,121.58824745712116,0.002522631079686758
57.14727513683533,39.779033097827735,0.0006806485967762106
65.74391065716549,57.71884772708616,0.0013262375971900007
53.29002538200862,36.12899525623423,-0.00036364145789870707
45.07994393907725,70.237712673822,0.0014169671795084195
-34.15201353817199,57.99264820340633,0.000463537174682742
50.16489498007435,31.230141684270286,0.0026853271873156052
78.04952640001254,21.381207752075298,0.0009711051633326732
22.663720710183682,5.8339102254036845,-0.0015002492490581358
75.59266911002842,65.60881057103114,0.0012245905370667524
71.63038820536589,54.41235790637788,-0.00153554531079775
63.16968666695459,61.69558302059889,0.0018012232221257594
85.01572352005013,59.3354399489926,0.0008381767050379873
81.58833220709496,40.50606459463713,-0.002110234768102583
45.998854112216534,22.098047996526844,-0.0016161014088862896
46.53414025186346,20.880451290303046,-0.000738224170677584
-3.9431102518378864,46.65115406215975,8.779534587097859e-07
27.12440948637057,58.078358700505284,0.002239373975512881
4.312159875653393,21.641368382245147,-0.0018407342001068286
23.580100435835224,62.4403612721994,-0.0004653693431450771
43.07116464867177,-10.16190734289684,0.0015170418353044062
14.940990756061389,42.721384569744316,0.0006611001354139663
89.97212770351467,7.648053063400468,-0.0072205227183698185
56.01053531842384,87.32248296368977,0.0029598512492795136
56.755383687269834,28.587822478377703,0.0019275229271349498
22.609192538736767,53.39198520938842,0.0012063853099931697
81.30146369339067,111.89999630415947,0.0009361152226648087
36.01660472064932,40.53032944544541,-0.004231199555774029
30.656050277526376,30.698079205128856,-0.0012549022923921385
55.101628953171605,20.11172214646634,0.002677959157635865
50.71078763292598,40.94733899420436,-0.0007858769296103439
55.1834677911729,62.328214564976165,-0.0020749863637341227
31.712194634667362,33.40288778475884,-0.003219475485450692
27.061807606103116,28.98282898393954,0.002088332050907165
58.28208271184087,46.146258179269275,0.002032173375356042
46.74039249288808,51.19103969734449,-0.0002487683056884392
58.36291750226115,26.252873368638955,-0.005832299204160637
46.829642750397284,77.64257122059622,0.002212229070311889
78.56526714827929,72.86063153106785,0.00020994309739063368
56.399155992741015,25.358758746633605,-0.0007576153038384984
68.47538293188578,72.03434321852741,-0.00033536752642071875
37.71277699621807,41.199181740856766,0.0014352555183478112
9.036532206430117,-17.652365115702068,-0.0013181306007486787
15.476209818935565,28.16491880461859,-0.0003552910916303528
37.624492998650766,78.40410985382675,0.0007791200565129799
59.376216794541854,57.129272622511664,-0.0027245258967545176
80.69259197070899,39.2442467331875,0.0016008633043934142
19.772029416966525,1.3716800754579381,0.0019532629246561467
61.56763363445936,18.071217967869632,-0.0020810414934474123
83.1837917407004,10.707811861762039,0.003925009830361116
24.713752251684316,57.543996241016615,-0.0007876071659553834
68.11222875287635,27.24311542407898,-0.0003911805460330809
51.88570050421952,15.505306082431755,0.0017690287233277156
35.89395546352675,35.327941483109186,-0.0023791195637554935
-23.241705720790655,36.29070141142394,0.00576565292816852
73.34774707020934,40.69211951380675,-0.0006304770634966016
51.35315628160679,55.205194814381095,-0.002824883577592656
82.86307851730945,59.51679508354519,0.001714908291178994
63.35880563052372,41.6883161924161,0.0016065544691308926
67.78400618523703,32.1136095225005,-0.001373270164822928
53.644287952294924,80.87820260248266,-0.0029642432471208087
8.353425494438305,45.40753357956618,0.00011964948644695114
55.70728786287491,47.43678189441534,-0.0005355965966399656
93.7008568461618,0.16361724011586887,-0.001982628922554742
47.724977550048166,-0.9199017895073567,-0.00042240568010608586
98.65326413077386,41.72085470645312,0.0005495152831612702
14.337652749462357,25.391826576427157,-0.0008989574318384588
41.53585576524568,74.02687194833794,0.0013312258610281682
18.62919010764925,47.50216434665086,0.001189057084031055
83.60843114991874,81.6858940940409,-0.0024287126258339736
27.30423369193725,8.96110703386465,-0.0005614574236820332
64.1634720334881,66.48540415566747,-0.00018357424028394106
41.47431596023637,45.0743447403203,-0.0019985167165850215
111.00691640529897,-0.009527368094232713,0.00043964141359776894
109.10416695619719,41.35989439078166,-0.0004563158012197748
40.389276260664815,36.56324348522564,0.003279960901995647
-13.12742369776359,80.47881080345428,-0.0034061503141647265
43.00947877573482,30.186567483374233,0.0014050058048518774
4.5844598113755595,53.02850193745455,0.004837359689515647
11.364903858839206,46.046739983250134,-0.0015845544996216329
62.99551252612387,41.67630146581286,-0.001535558014147684
64.78434307096079,87.42080154600316,-0.00045838310957598325
71.47634307311363,8.046445285560175,-0.0022884838337259546
64.33800878694186,79.21508020435405,0.0008481339924943654
41.67025427702837,41.16749593081043,-0.0029912588743716026
68.15055055024096,63.794815908522274,-0.0010827819755749766
37.139841636507946,47.99859537728584,-0.0010460366549075216
48.796287439751566,94.98954386307895,-0.0005925495034514676
40.363455224767755,24.592850867957697,0.001777079451732174
45.474854284328245,24.5459268212584,0.0031567375105871582
91.67320739775604,25.800222550361042,-0.004464199463942457
79.78070086205328,23.642496496624045,0.001888084805737568
-6.150514552078199,64.05783074483426,-0.0028974608101581495
71.79397089376502,41.5513904691597,-0.0022825145468869518
38.958130235238954,58.77207982208709,0.00025114995719530006
67.57041592582662,91.83054989820835,-0.003741517737420721
97.37603206331912,43.85970050299083,-0.00215065878201387
12.313223207015724,36.33957646983292,0.0022013151767976765
47.02386536997464,79.9079330002427,-0.003471219608855492
50.35593637385689,9.093954000829136,0.0008673032935427324
76.29954032976309,30.40392881081364,-0.00622770055391216
56.44626664432545,52.376770686482715,0.000964512940210678
86.368313195278,13.740657641520492,0.0016241371981095996
85.11944701845215,-4.389399897529678,0.0007621635056442812
36.154660495713,39.09669213667406,0.0008291599303584126
36.64385797098582,23.871109964023276,7.96417106354337e-05
19.32792597129623,13.362149667645348,0.0016221223262588896
17.551706323298987,58.25944130111887,0.0011038780544982791
0.8996675884808525,23.82353658518791,0.002852662951793234
22.389305864504408,29.285621316989094,0.0011026100683736988
73.31271857128259,34.74014652911834,-0.0014304262165599723
91.75305627027595,85.74373125394058,0.0023380778598878185
53.16701256069353,20.47441381901903,-0.001987284380556724
65.78407313136192,51.90681263718772,0.003348691630497433
69.47618430866387,2.670279997380881,0.0025128075474175893
21.901729422885325,31.346659995460925,0.0005961307829073102
108.29788173913792,120.8751238978379,0.0014484429430260102
45.417931379045825,54.88198362191005,0.0021200466576383977
41.450648586093784,87.18667866872025,0.0005480088396233225
65.06920511305205,58.249492697903186,0.0010058512688048288
74.91583859823135,25.368975380813062,-0.0013366935692516525
18.955404853695292,52.447562385466505,0.0018601405707937527
63.91570241203077,84.09334137608653,-1.5381863154154014e-05
70.00406145919565,13.211587786234148,-0.0009274138018370962
70.77737153179099,62.94329619968977,-0.0007047683843333241
48.63852547724161,2.2912083995866936,-0.000855526532830438
76.40042503313586,55.92487622722303,0.001194899704753801
52.14123331112819,41.36664162816141,-0.0015805835812084089
70.8723369325443,51.9727881118999,0.0011742282799732503
35.523945600309254,-13.992241203719395,0.0026208759391911276
36.8860173874719,19.077632408090995,0.001655843584207217
39.3916991802962,68.34577583021313,0.0014730254697636683
70.43197387443334,6.184000967567016,0.0028952987359378104
58.24425433224318,31.72318678775767,0.00034078405497837765
-0.55565118181363,51.65709339091453,-0.0024628443238277945
11.668031213580122,2.176272173358676,0.002658015871693681
32.54486758490012,80.48634456709146,-0.0012829038293239573
1.4320816167743544,12.575501462432591,0.0029523572808691383
46.20573847297539,27.136177697553507,0.0003805395581212856
65.1857854939162,69.81821013967027,0.003460813428198191
40.32223025031323,7.206615978963903,-0.0009904437053390284
58.216260341400435,16.490010063357616,-0.0022901920257450544
60.62620393179302,39.93897095471718,7.640140581767827e-05
28.815356412652577,35.28179728160702,-0.002211498006659951
76.39509325435208,67.71318759389469,-0.004415545267156464
23.880010646116922,2.8381459502799586,-0.0015559668335793334
48.29687131303548,4.0395163073423035,-0.0022058242637938374
21.73155496510558,46.49673237473572,0.0001637723651676691
29.87615109847976,45.71656337000501,-0.0013089105252329742
42.86510326122851,84.06668331882233,0.003202534745053771
13.200130782098,62.44696147427982,0.001937740354213094
17.567023160882016,62.16625310966586,0.0036746133776844082
18.309234158410852,17.675290151813183,0.0024308422453850186
58.5399089486406,55.31684396954715,0.000812216938023648
61.979925431028164,7.195739946045634,0.002501739169892488
84.45806913925882,35.30767705443087,-0.00010594093350198511
6.518502481860715,54.36306877796407,0.0013655704790933856
48.910038206551164,69.99641542640202,-0.000800656998314833
66.99880312820484,15.057473277781998,-5.830822696784293e-05
45.67311352055871,46.95900984387695,-0.0008854039039018116
46.9106375964888,62.352529632146144,-0.0010461430405475057
4.340521501349755,86.01750738277659,0.0033005336672108903
13.411336953551334,58.85892948273491,-0.0012044275438104844
58.30880291260412,48.72493906661876,-0.0005623848453254343
28.08607864562098,23.49102548310619,-0.0021922744505202553
26.699212432101284,39.464256840638846,-0.001713117036796391
70.38818726325938,79.29528749709061,-0.001388693201483254
57.61379861886308,53.98973187706373,0.0011263761664111335
52.89680888399107,60.21636660053283,0.0011508721318041924
14.9870490085381,63.457164625288314,0.002119175063291071
28.677099352095336,42.15778345725029,0.0016315789419671688
44.66421374831019,68.67995926959503,0.005649126907297019
28.022000959797747,5.797358747840185,0.0007243122020841108
71.52842104806993,35.269865081613894,0.003472196226180252
12.073918935366876,58.94120442511806,-0.001450389425325243
100.32442656471822,92.2424545133855,-0.0018347916773036289
34.845114540778475,63.21198682404204,-0.0009274877852375457
49.394287283063846,41.83621354673249,-0.0045912209892732874
50.305467716079505,23.51186516501367,-0.001180875238137772
92.36666150331814,8.98854974769332,0.0019420641142549207
42.654206511216046,34.016996060261015,0.0018874782969405452
60.5183695776614,55.80720898028317,0.002312561794857882
41.14356641942109,25.497518428081847,-0.0025961909950340837
26.884247381552672,116.75411891808982,0.0029735572423985426
11.714087939682535,7.298600262763202,0.001149956783403906
66.49835461652621,55.25041452402404,-0.000611507375229363
47.08432105229745,49.58733484261778,0.00020333401437886732
-13.342090634951397,35.297199625920086,-0.0020373967112757825
55.76124720438805,117.68081071786087,0.0008765066775888289
41.65664274260742,64.8061668522633,0.0011519214593105698
62.82834024730448,56.73577183280612,0.00491441893024345
18.068444941488096,53.32214125934447,-0.0022166330332882267
66.73637971016436,17.64495891788849,-0.0009997710901837806
42.18879706070675,66.19026872049197,0.0021936755355831993
14.754590677068933,42.593301037134495,-0.0016983426580295747
14.385554574998153,35.6247442314926,-0.0007394703046196743
120.7375467006961,52.27994348690753,-0.0032953696213801217
34.4059701640187,67.35788011152934,0.0049906779489599425
4.934838693320238,-6.986083991452318,0.004470770741325422
61.94870733857525,18.93626399642644,0.0012760933464328438
-25.360366403687827,41.27214814439399,0.0007816933441029157
77.37837100119849,15.205284112976948,0.00020284191660336305
23.997935485224023,47.72968187944983,-0.002142440471139134
38.927409018411126,15.668585653491316,0.0015546181723776393
75.47889646519434,35.17366645266347,8.940879101281422e-05
8.899838468902686,33.506650312467066,-0.00012202425758952687
126.33841332701843,12.692281988007434,0.003498293655592589
79.47321008743747,48.376763204068475,0.0042021968038065795
61.44342273540276,51.15758322729897,-0.00012899540376265495
86.01584867671133,69.2819043524117,-0.0014977631502748664
12.6325899073274,35.984417420699764,-0.0019145954384565864
48.87155299934073,72.89413306443329,-0.001095240288671032
49.468969791996926,42.67244484497262,0.0020262755142927986
-14.138281873451497,25.639385793693563,0.0005030960228082135
85.33795170527588,28.58099970554773,-0.004488136197596629
68.58909614060691,24.904939838095995,-0.0028460497908037417
32.68679651240815,36.45732095439803,-0.0014477211152526023
-12.94573131963908,64.17234209592588,0.00304574324111379
69.50711829086298,12.03325984861446,-0.00048369442235575286
50.516612967311424,56.52933729321805,0.0015957470613539447
29.517252857437995,43.28673149950365,0.00109118171654894
92.71846253136368,59.23813662430028,0.0018843341272505995
53.12396886380312,77.32767449172273,0.0009775849713490644
25.854632048104694,77.14601937769547,0.001666420567788936
37.91898194899824,28.898983885504776,0.0007069967903595283
64.07188555021696,46.241128397384266,0.0007422181634269006
99.76396845255223,68.64319108310724,0.00045373417282976213
77.87014196316554,14.727955993935215,0.000949290150500766
102.91967609991988,35.59838080444863,-0.0020283780679935313
31.886145464198957,13.264574697728932,-0.0018780746942757228
40.01229983456032,5.168989123728515,3.533368199534367e-05
76.7436748816434,17.925040953363624,0.0036300330300955298
65.44578685286528,67.59355418934464,-0.0015746390894456172
75.36559901741961,13.205616703939388,0.0021262433347735404
55.663932201340046,55.36232567743708,-0.0028124087992390853
24.873945737545576,56.48920525747431,-0.00226914757446095
64.07250592837399,6.153710609828373,0.002025661913882264
15.135358775508209,55.337949738949845,0.0014936445654082301
30.59663851463883,56.099673662339484,0.0006206156924295861
35.15434734423639,15.342150345813518,-0.004693904360050273
60.79538047195073,1.0886852236900566,0.00022592826544153878
43.101946440501024,58.58820804151066,-0.0007240811658323791
41.19726147834915,59.93932404892715,0.0007989939477678963
59.82877281813344,53.21030435654137,-0.0036729797643887006
72.54501502379333,56.87973426782884,-0.0024325111764782275
43.66088110579369,40.178431630659325,-0.00032353515278859326
60.339693727338336,77.8634179419389,0.0025840938332996875
12.835411351220785,57.12575815467543,0.0031749762693488214
61.86773874939878,69.14125750061038,0.004808578540224847
80.24809790362444,47.57401018616216,0.0024964099126418373
54.88613729591213,41.7981518015935,-0.0008421032613947314
95.82343774278661,20.213995535442955,0.003661311481486878
65.13041616009218,5.32941884744006,0.0008769074119879104
-9.899960082975205,57.21385516081877,0.0021142519211173813
33.609981220423094,44.35147578402191,0.004669652167495062
36.10944202060747,14.051892702087233,0.0035400965017311097
107.34321569694765,41.28035215324953,0.0024160241251913353
89.41853375480619,22.160018106090686,-0.0011621877597647085
86.22668224647944,84.36295624632324,0.0013436327211869736
25.31420466563501,92.10269342059547,-0.0012713557631585698
41.03305362770418,49.957818852770174,0.0037134096280251375
75.34974816883046,51.81628916400102,0.0011055448867754228
51.96060397614379,55.48758477897045,-0.0060492314233403805
42.145002157056666,47.36935763510219,-0.002753646008473445
61.853736254822984,35.94622226694748,0.004194678802577474
96.10066835984547,29.249713817833943,-0.00036260016872692385
48.57075537103165,29.612197477926514,0.00046422756139450955
28.82151106160469,12.214432211402318,0.0014866646366317963
68.87243829294017,20.57562881034362,0.00213845447566905
32.478078059540515,47.67283392891282,0.0019591303641293334
49.734785217941884,52.838068481569096,-0.0012365930896220457
45.03497279119993,35.91065036699546,-0.0017867921478854035
45.603277352680095,1.5034009225793952,-0.0011761679191742876
42.48357555315373,34.62122759778884,-0.0005793335235605229
48.92235574412492,53.471004096771395,0.002088637796011605
31.953204136924793,10.354479417359439,-0.0024931404749660617
36.644598001281395,32.16791747729768,-0.001842775115217275
13.300115061586844,29.497878495420025,0.00043171898353482025
67.87679761802283,26.902080374270543,-0.0009893264734640052
23.961178208735802,40.38004658881147,-0.0020302779103655404
67.24473670951443,-4.575916782071872,-0.0008617432832795951
59.394483984529266,45.89628305808642,0.0064360275646197715
60.79970867357818,15.45746190895457,-0.00023022302448402879
-0.5559715336751196,39.12034140857986,-0.0019935278553117257
77.12210655407635,27.104071016873302,-0.00028114730920295
32.363215797574014,85.74249329442564,-0.0007699746160158573
103.59066905578418,62.04771815363934,0.0011504364994838522
61.34610062799628,51.27643133557369,-0.004610344603840416
42.65650184991884,62.8422304038274,-0.00011889867526224941
10.152366527007224,39.84282606262013,0.004071872002163381
86.68892350633126,39.59684413565624,0.002272553782119295
40.12776715489608,-2.4748551391588336,-0.0022120546488295814
95.80829856389147,34.16477359071284,-0.0005838435162107147
42.05176614739036,89.97781099688208,0.0038850528468847394
114.73670378019543,37.110231766171225,0.000704723171928837
6.935947301634201,79.03105670490982,-0.0027937259411656176
56.96074897918234,13.068049415470657,-0.0014097631719582773
26.542212764482063,25.609278120502246,-0.0012908436662745833
34.8822948388858,62.539247216704226,-0.002643315616385968
57.069428218689055,72.3949978722526,-0.0012288635337033293
29.986354076784842,35.278622150234135,0.002818275747871332
56.30657395089602,27.573661335576823,0.0011547633472469756
18.893706601930337,58.645010313369966,0.0009748226331568009
41.821751578859576,19.69748322431357,-0.0021217247560023507
66.1391327041775,72.67741220145199,-0.001525567208295798
63.933417176831966,-12.292942981599602,-0.0013996051800358197
49.80848060915898,17.87565686803123,-0.0022408386885618375
31.43332768024553,48.672885856001514,-0.0004498371699638637
-13.8884173052274,-13.155793304076795,-0.0014527904657102885
63.91321245027542,-29.21722163577101,-0.001196670937917891
35.517798222759765,76.76083005643447,-0.000922446345896676
61.757510566792696,44.80526780602709,-0.0050953876724073414
72.87454315480649,46.705036780725365,0.0012130754252199897
164.0123060191826,-12.21827175878743,0.004121097664236582
42.40934932284268,48.54825379660858,-0.00011080656014917933
38.46175396780482,26.584086072115397,0.0007857276724048471
6.920618896049206,60.4187152311745,-0.0009969683015253368
18.09208328294087,29.654390907627686,0.0030033674562916376
35.25554937463513,50.370774450135926,-0.0017494456473105939
72.57771723275037,58.75130574056815,0.004417325128926529
45.638203084559194,58.31946118608727,0.0002324387481850008
88.10244173692497,22.766079959577024,0.0017790238453120797
45.08603274389745,39.540876376935465,0.00021734182465831282
57.98423039261253,38.20736587037838,0.000511294646727585
96.24780139290979,66.4371066906309,0.0020758181176390154
37.55837353634893,18.399483794296817,0.0022817607481101384
75.98669097203677,78.92180110738285,-0.001445894586159515
44.080255591173724,-0.8249727799047832,-0.0009402548092412934
79.46489109410774,29.23203792003041,0.0015291426131903035
45.207073090308214,49.48938607879427,-0.0027457026962553043
53.16387578585437,-35.460097552984564,-0.00044880236378821314
3.6509014932488597,72.08841251513566,0.001856484946010399
64.17249358983351,80.1603655391634,-0.002270506684004789
101.13205552448667,65.0724048740279,-0.0005675186794849941
83.47773164395669,12.837661768506631,-0.001973107393276064
33.14149009420541,27.63097228912477,-0.002527836155067052
86.00182850753501,34.55269163143887,0.0008407030230171216
34.24501278278744,-5.466023015884197,0.0006436017713645364
-4.481051863920754,39.426954118415914,-0.0032731309307870056
108.05571128556528,64.53868047840646,0.00025081368758754247
87.1741873551791,19.49940283618019,0.001297251069978326
56.47115142656297,47.95098163648725,0.003039715183765688
71.8438388638187,48.58399349796911,-0.00395821783918128
22.99878696860371,38.04132324484116,0.00022121437248385595
18.088205041092394,102.98316792180427,0.0036231244407905964
68.08137523298706,43.03154695696024,-0.0005093157841132695
23.23334858055313,43.17103683622642,0.0006141855750771386
14.868780197781938,49.74868828908161,-0.00037316992457437227
-4.352703614388211,19.13889377516349,-0.00099077928275258
105.18168625110619,55.44693465390122,-0.0031946384434587863
