col1,col2,col3,col4,col5,col6,col7,col8,col9,col10,col11,col12,col13,col14,col15,col16,col17,col18,col19,col20,col21,col22,col23,col24,col25,col26,hidden_state,sequence_index
62.34996613317604,35.983398828253314,-0.0015059514139137077,0.0005772570340804728,100.000866743398,518.6702659658533,642.9886695753883,1587.7967287407744,1405.3227864761607,14.619528444333143,21.612341600946095,552.9002949087683,2388.066791604882,9064.446046363208,1.300111814539568,47.65070454351026,520.3159795759734,2388.064748310247,8152.120937720216,8.38810800021404,0.030360671618892054,392.50627045161946,2387.9994358836684,99.99945087165551,38.64299809085969,23.264397296187514,2,0
23.117133611793825,100.2242863101091,0.000802915922653888,-0.0016908583426270384,100.00085196006862,518.6692330683046,642.7182381808238,1581.4306950557827,1409.5781577009673,14.62055960315056,21.610296494317264,553.5028084582838,2388.0777835202084,9071.982689257133,1.299380704968477,47.51224894849487,521.7538387280092,2388.065772568135,8124.6704435502215,8.465703314603578,0.029647700111923626,391.69633594782886,2387.999725546265,100.00094318605737,38.789149271035,23.189945210481273,2,1
84.60082901350856,12.806653835663155,-0.00095824335162131,-5.5482151999446065e-05,99.99863228456162,518.6692787242745,642.6324320761828,1586.1412579902865,1414.809410783749,14.620017382797712,21.608702025423344,553.5563978315181,2388.251374059769,9058.112071804984,1.3008266139703364,47.673954205364176,520.9916625918268,2388.113802916746,8134.640841645616,8.417702661744721,0.030953743391444934,394.01116113763675,2388.00066011058,99.99951110147421,38.92023162887905,23.4007232393619,2,2
38.96156038514412,53.72750163814713,-0.0033706535871840635,-0.0004011442002027759,100.00015970847329,518.6702353663466,642.5449990899729,1592.405111446918,1405.5982255994709,14.62036965325714,21.60968645963626,553.9176464331889,2388.0988770634,9073.270319317171,1.2998524446836712,47.471182873563734,521.1357382329579,2388.1103016893785,8143.733778118282,8.434349340402923,0.029266021298493566,393.2216546470183,2387.9999339225833,100.00172553352752,38.65021271176994,23.31572231293409,2,3
5.567300193045611,99.92871866097609,-0.001852037498952129,0.0007457932583260525,100.00007034556523,518.6695490692243,642.5688253033696,1588.2074943736345,1409.0042172186743,14.621273794476561,21.609266430110424,553.3991107935626,2388.13339573478,9045.704084713905,1.3012855789349864,47.444058833587675,521.6419717981614,2388.098115737918,8127.478499335161,8.412134336950265,0.0312661932466725,392.4123045066005,2388.000819389748,99.99919436612541,38.77475918234082,23.318819582678127,2,4
38.912580785509434,106.84198390171811,0.0006042359400747754,0.0007541345588165495,100.00031694012871,518.669378549068,642.546943356421,1592.2290414946933,1402.72871744897,14.620271701816597,21.60886834876307,554.2300926619174,2388.025843858317,9039.073941016335,1.3004775082183744,47.65026963096794,521.1008967214007,2388.157790098991,8140.532906771417,8.444525193095334,0.028791955016739243,392.13379329971076,2388.000206146036,100.00022915758873,38.67802014929111,23.310856037016638,2,5
77.41194852642228,114.2485696896889,-0.003262696063854356,-0.0007384997343274951,100.00008577913493,518.668714735157,642.2663178151082,1596.007891766024,1414.1069427892464,14.620492162469663,21.610803872309162,552.8839469899727,2388.0593507130493,9063.001013495417,1.3011064262135685,47.64380210624812,521.1146590280501,2388.141147522035,8124.7195138122315,8.443584070798694,0.029780802382469794,393.9038260072777,2387.999969351849,100.00250152284042,38.97674207609501,23.32482020250772,2,6
67.01164151400113,38.38063307115467,0.00012572199907590021,-0.0010951223898874028,99.99914205246368,518.6704706728177,642.9560474539508,1589.8041297417326,1411.0026862482905,14.620964089926474,21.610327328576464,552.5827558307003,2388.0586162877926,9057.477934935117,1.3009908501326575,47.56122969471499,521.2453849492244,2388.1159427184166,8148.473170699427,8.443774937456183,0.03051304444769868,392.21152255945975,2388.000456031197,99.99873967105786,38.676242287449774,23.307009032710337,2,7
78.1105449613507,102.41339059304244,-0.0009959538049684512,8.004480604017916e-05,99.99883737233539,518.6721832568551,642.1377536630054,1594.5127814852272,1415.6239341859791,14.620117607214825,21.609182909302024,553.4916926768848,2388.017645913119,9080.508141382112,1.3014275435992297,47.55394056757761,520.942431701312,2388.074179105338,8139.7793193625685,8.448716470422898,0.02969368603858981,393.36636575363605,2388.0016361952953,100.00050276720329,38.72283409454055,23.291925703161027,2,8
58.575263533820745,-17.43038961001656,0.005022869230588053,0.0009949407848559874,100.0007086560401,518.6691529104926,642.5426248908524,1589.6181522714223,1404.1823910587193,14.619352575750304,21.60860997154144,553.862342606821,2388.041541060508,9051.399798703938,1.3011590578822056,47.4588780246555,520.9219511919913,2388.1168354045753,8150.176191144707,8.462323016111771,0.029556989198544423,393.65820009654436,2387.9999471659203,100.00040601793499,38.74704970938085,23.419860804291176,2,9
50.26557399035778,25.276669587101892,-0.004514314242528361,0.0012332808577036596,99.99990074321803,518.6695554660214,643.4738577722848,1595.9997179742297,1416.7672593311215,14.620064930402213,21.60943723121173,553.1466971182143,2388.1279549562696,9032.912958272713,1.3006283764912163,47.58958377311565,521.4620813956964,2388.1012152440894,8123.694278537916,8.443104261021935,0.031931579318662966,392.9803353219227,2388.0001842621223,100.00040190826923,38.933874473015074,23.280385798896074,2,10
77.47466643803197,66.5436440074339,0.0012857126412987312,-0.00019126444535322906,100.00001921487933,518.6706232131006,642.4642798402242,1591.491065871563,1413.3000571316609,14.620744254050058,21.60980084900427,553.735423405431,2388.1565098929477,9065.527297033539,1.300755147924947,47.64043260176221,521.0812697913315,2388.1037769875957,8131.165163187255,8.425684175091066,0.031005237014691735,393.9876880949917,2387.999724610407,100.00119428707967,38.89809268992154,23.29325350720128,2,11
35.78848952476884,85.16140956103789,0.0014440766519259174,0.0013075857666845726,99.99956327837089,518.669392985651,642.8903168816324,1588.1446362674646,1398.796646515987,14.620798260505495,21.609603582476208,552.7537829461121,2388.0846469283224,9087.094323446352,1.3005115117415516,47.42557457991804,521.7676601972266,2388.1788216540845,8152.794010017772,8.459554679638742,0.030186471119932785,394.40727200541977,2388.0012072210147,100.00105603435637,38.824084670438666,23.146605678876526,2,12
95.30836738376243,119.19768052582137,0.000519315935427922,1.5091623656391448e-05,100.00087756671921,518.6719677185465,642.3715731035344,1585.6782997747716,1408.3502712662462,14.62045560277201,21.610089360293742,553.241838879154,2388.129901544492,9072.469617086468,1.3000224236014501,47.606572742501946,521.5754489000689,2388.1166869594663,8137.721848843108,8.430304609010502,0.02929279721715602,393.09794936610126,2387.999318910139,100.00132754515197,39.00833829016576,23.287026565235234,2,13
81.08575775832722,94.52564302520126,-0.00018704813824603768,-0.00026815235707933655,100.0002549833199,518.6677589606951,642.7845816442697,1584.1138463840427,1407.602871264692,14.6199209430356,21.610270323106768,552.4240390172741,2388.13035891833,9040.430305445123,1.3003118991901854,47.61429710696757,520.6162691179021,2388.165485477497,8149.334393419645,8.436832194267607,0.028996072147855417,394.222852253905,2387.999200020807,100.00025215844701,38.94113984347492,23.347321249209095,2,14
54.60032745114676,101.32038278668877,0.0027857389484865153,6.786219551356036e-05,100.00125206091205,518.6691181900215,642.2683264194267,1589.4954778151157,1402.700069350505,14.620888859311737,21.611885318024065,553.6735081483357,2388.1688959024755,9054.335686269604,1.299772230389755,47.30154630184529,521.7423171566329,2388.0644723149194,8147.351823557664,8.44285132914007,0.031605907136679,393.2465026647692,2388.000608932308,100.00059040725475,38.9778521354082,23.318287530267238,2,15
94.42438521989828,-0.21951273368352986,0.002651397340011234,-0.0013816443486216663,99.99973406686924,518.6718780776459,642.7735505968182,1580.4934495552195,1409.531122217994,14.620446156743501,21.609887551246263,554.1142662766171,2388.098364725026,9072.863488115921,1.2989924986441224,47.527241359173146,521.8581402266449,2388.0228800027207,8138.003084527423,8.449828543801402,0.029931107011433478,392.59687974617316,2387.99971653933,100.00068371235096,38.92032843959142,23.274791836333197,2,16
30.664896007683097,70.00063069349238,-0.0006650080648257246,-0.0022085916070849177,100.0002847400026,518.672813682066,642.7330308659004,1584.8113809635515,1405.469503775976,14.619772164861088,21.60861379469982,553.415948822366,2388.074619509449,9059.092477284354,1.301504930156726,47.51274214457565,521.1367369572473,2388.1328387497356,8126.953737412313,8.426066555073294,0.03125051106198662,395.220413182785,2388.0009937233076,100.00052744979735,38.79872725435329,23.338263733400563,2,17
-16.754744371568393,190.1351269302885,0.005621202925024651,0.0009777119593104963,99.99880189765223,518.6682510652506,642.5369704862885,1589.91524367748,1407.4456341802997,14.619388500332649,21.609596994350202,553.0452652306312,2388.059063895245,9049.337540359958,1.299644967483673,47.56184302549101,521.1051996898593,2388.1281232885863,8128.5616327503385,8.439963528047285,0.0314473578846283,391.9819976865443,2388.0008354746237,100.00127685306614,38.93397319392061,23.36953108679234,2,18
69.30576343035143,19.215970365088225,0.00022329631345943001,0.0007248932251934776,99.99834884537475,518.6685126455897,642.6413072213005,1586.2931071414243,1405.2607358582027,14.620522022544408,21.608472708563855,552.9503542541263,2388.1213316149706,9051.554328607437,1.2993937859879,47.493933677806844,521.5530243510755,2388.132742669368,8133.696749750897,8.416315095451102,0.03049710346254805,393.1696900455482,2388.0000426797287,99.99930175002275,38.71666248042061,23.253856448935302,2,19
75.99651579717076,11.862838288155984,0.0003903278751665244,8.887915768754237e-05,100.00053821873243,518.6697089535726,642.9226696494044,1582.9780004237653,1423.4525850097164,14.62010404746018,21.610446496687548,553.1779824260416,2388.018472591125,9044.780420239449,1.299890352095445,47.69376467738736,521.1786826144673,2388.20893825329,8142.983243585696,8.414978275173851,0.03144561589341201,392.95878226495427,2387.999716808258,99.99945612074667,38.917368144159916,23.243468514711502,2,20
112.40935846519969,117.96169627100844,0.0005466544722030627,0.0007436069019751108,100.00207729081953,518.6701662012479,642.5367190657815,1588.316371088348,1414.9252463400803,14.619620066317548,21.608647283389402,552.8551425840602,2388.136208589694,9072.656334336387,1.3003096799088605,47.53216356234211,520.6342539000825,2388.0885044346123,8135.678647584145,8.38637210771908,0.03104638525816735,390.93655898465624,2388.000220318084,100.0005788858489,39.02551376151738,23.317905754312086,2,21
29.977241947173923,37.18177444375123,-0.002523631178074959,-0.0004897922630889993,100.00241841029349,518.6698146259007,642.4668957183464,1593.8068866878007,1406.5801555594892,14.617873188040626,21.610156070962528,553.1579993598199,2388.0247236371188,9081.512303738244,1.299184994939449,47.6726005044791,521.2535834155958,2388.1442375225947,8144.635320537218,8.44686344574478,0.03076443298300102,394.49508419274537,2388.0000416416824,100.00016515446409,38.941502436117574,23.392960275829772,2,22
73.94541313581007,107.41184579880164,-0.00038729716370153365,-0.00040713523289598536,99.99881522715343,518.6696931380488,642.4812782327663,1592.219615269207,1404.1934170605402,14.620067076272603,21.6090740541831,554.1201650792793,2388.021995119389,9067.24669051822,1.3007530933438844,47.38242915014884,522.1205833782509,2388.148122919442,8142.443688356839,8.47717067615604,0.028486022728309416,395.13190686903783,2388.0014814065253,99.9988199091205,38.8101039112406,23.29868438197781,2,23
49.01392683063552,35.19155265590014,-0.0018691390362801752,0.0006508125296111741,99.99756715394737,518.6681006438824,642.8381099015362,1589.4296455931847,1412.7873016730102,14.618987145403715,21.60989493177426,552.4053478482576,2388.067959051121,9060.484381335249,1.302351146694173,47.41072566602339,521.0005178518472,2388.105634990911,8123.4611258404475,8.443667199639503,0.030141838219825464,394.2740715069388,2387.998898820524,100.00127031235883,38.80547248986124,23.294784449496483,2,24
42.67551074598845,80.97099894933478,0.0016745109139159138,0.0004298221223809843,99.9997168186035,518.6702980416276,642.2667955932404,1597.903566070879,1402.4686123629465,14.620563499865005,21.60966976172934,554.0804622654135,2388.0877613353846,9041.05899406289,1.2990109685499271,47.45151403068365,521.7466325101334,2388.130818197009,8130.120624091964,8.430945414458227,0.031060635040198868,394.11912620931525,2387.998889524353,100.00054258496273,38.883630745586956,23.20811705154669,2,25
29.997078483839925,28.402276270765697,-0.001490242992533914,-0.0003987401107957044,100.00065647205302,518.6695712622235,642.4695769551889,1583.8566028087575,1412.5281912195917,14.620504882477599,21.608821235947676,552.2306733868,2388.196254541564,9078.822082596658,1.2985091357066634,47.673784741463535,520.6845948288442,2388.159556077626,8118.122463730558,8.456361394638016,0.030092234746657204,394.4519762483522,2388.0004677043003,100.0018347530089,38.821438255282835,23.27094122042742,2,26
77.58462454986778,68.13528559895882,0.0027174272458501186,-0.0014092887302756276,100.00101581365465,518.6691654255022,641.9755734355427,1579.8383690879016,1391.3395783163544,14.620268114308194,21.606080830340098,554.3353048295974,2387.98771015858,9074.413147017543,1.3007155833250035,47.26476793237272,522.4023657898942,2387.967811008573,8150.09761249261,8.375989715116148,0.033818407388721224,391.1585373336986,2388.0001750127844,99.99875493466831,38.916336325250434,23.35944623584076,0,27
77.72133231104024,-5.880725598251374,-0.0006282603546780295,0.00157082043769033,100.00154075688786,518.6693421498543,642.0771728574115,1583.7599432537615,1400.1648545699768,14.620897401005612,21.60500081809907,554.3032763113671,2387.959013153595,9059.18007754131,1.301184663763029,47.30060482399149,521.7103309186211,2388.049742050975,8145.231104181618,8.428831010514156,0.030173494256746577,393.7138279487819,2388.0009079012825,100.00186575865762,39.05177616498367,23.329281659089766,0,28
53.67494349973869,74.73911647242372,-0.0012883166667161665,0.0018537244300932435,100.00028510668233,518.671495994714,642.2114898964323,1589.5215847939476,1394.6580005549813,14.619362147473975,21.60984781082483,554.6214693542323,2388.0044142152997,9063.889351664204,1.2997289329411497,47.35082078451836,522.2392134773249,2388.0009316239116,8135.652120342486,8.39806170518673,0.0287023254798657,391.7337707028253,2387.9978690892613,100.00209887070775,38.94150440029528,23.404265195802285,0,29
65.33096442541833,7.0574654275582205,-0.0027839797650412858,-0.0028657471900004616,99.99880247247697,518.6733486953655,642.3002063024031,1582.3129815730374,1404.7214668842482,14.620990180128628,21.605985736210645,553.2390835159144,2388.008998707394,9067.225061428475,1.2984470707011744,47.05080438974597,522.5364538119964,2388.0449785389187,8143.998457355307,8.387568588814997,0.02824860941492795,391.2715281695635,2387.999047696027,99.99975961535822,38.81084118556838,23.342908407699177,0,30
62.460204575822125,64.72748563428374,-0.00399907388318741,0.00228543152891401,100.0004851363439,518.6709547744013,642.5734867541152,1582.9457421169138,1396.5941380472723,14.619437618938466,21.609787405066093,554.081380921929,2388.000390547456,9064.022153234982,1.299111118068358,47.40603768860274,522.0172589071652,2388.0336771555144,8159.182669771933,8.418007853738658,0.03260501416864472,391.16018662707114,2388.0028834684795,100.00041465353581,38.935752150622676,23.34545926642257,0,31
8.477262330814504,-8.124874404042984,0.0007618897938747727,0.0013761305949517293,100.00124374267882,518.6714621793934,641.9304575153641,1585.1155603399638,1395.7068200525061,14.621037154463956,21.609904060399852,553.8607354818962,2387.9632331345856,9068.513841573718,1.3005883694580351,47.38143318029653,521.0692264239267,2387.977450113634,8137.707957259763,8.414400513011275,0.030611675960981355,392.4555024149497,2388.00219707811,100.00072876549437,39.03185312351246,23.482026160413678,0,32
51.7938303278951,52.03746318167121,0.00408669622258389,-0.00014545445368776354,100.00028153146381,518.6715565788845,642.2166986101636,1583.5171642669386,1400.9895401194383,14.620270686135143,21.609933494702215,554.8821097753329,2388.0087451835975,9070.94799601265,1.3008817855685004,47.087671067153416,522.2934866030721,2388.093011755611,8138.551238523839,8.409247305450663,0.030404735266147682,391.8009001767694,2387.9985275506097,99.99935243900755,39.07424383616268,23.439059647539928,0,33
77.03930032853243,-10.46116939190496,0.0033889817810747757,-0.00033355245320348703,100.00240806225163,518.6713017818643,642.539466214742,1582.9672924350652,1400.9826787617014,14.620918587096666,21.612676863926303,553.4352877311131,2388.0414335264268,9058.213998659327,1.2998337807974247,47.04860894937624,522.4738709749139,2388.010910568024,8144.507809449815,8.425510696685938,0.028336276727830203,391.64385526000035,2387.9997036968816,99.99821983484998,38.95302453862981,23.320282352922096,0,34
91.80923913364035,10.782796099371538,-0.003776960704953419,0.00018511503611963573,99.99725918292796,518.6693442346881,642.617246371594,1587.0459160495093,1400.8762151773901,14.619053335337732,21.609023067915288,554.5193911865712,2387.996146689828,9061.218719606126,1.3012193972788133,47.26588486564794,522.4440636102929,2388.067650553623,8150.746558962047,8.44273683780123,0.029012099073406083,392.3326507666884,2387.9965231500523,99.99935280190064,39.0703267600002,23.392493800094385,0,35
13.527932803331957,97.3329940242659,-0.0019500069197626944,0.00028470891429395424,99.99935454268716,518.6703994422923,642.1951399232215,1582.7796689559452,1399.2738086472834,14.620904142946758,21.608586459147947,554.1478289782191,2388.010064184732,9064.648515043411,1.301434425947108,47.30348477056441,523.0306374856519,2388.018464894712,8146.7213007693035,8.402783756203092,0.02845859577035498,391.5138387960236,2387.998854554278,99.9992842221985,39.183120345533254,23.342674822153082,0,36
27.30886421016282,60.66365988907062,0.0010719464173322936,0.0007692067113072509,100.00063289631457,518.6700550984228,642.2639015956704,1587.7865357328194,1403.2890593371767,14.623107473384682,21.608142048171466,554.0902189301748,2387.9970002615482,9067.110481808419,1.2999646723946727,47.48101093857555,522.6690074914798,2388.024085052055,8146.182937536293,8.394362680617453,0.02916781824218858,392.80421379461995,2388.000172174811,100.00250583633313,38.92329720142734,23.508126207651717,0,37
53.79548736824299,39.28781409649292,-0.003314360608355556,0.0020328407053506747,99.99957718788686,518.6676070754656,642.8272712318374,1588.7744242512185,1403.4536483059148,14.619005487009709,21.61082484953206,553.9302566539562,2388.0466238635854,9070.076261035563,1.3005825787268488,47.2313141486819,521.7090457653667,2387.997056512047,8143.003840305355,8.408403059858959,0.031127102346132536,389.9402667539644,2387.9999276727026,100.00046967863943,39.18303665348885,23.29475271537587,0,38
-40.61303202043488,87.752892780461,-0.0011559583104232315,0.002216261384733372,100.00301236498267,518.6705537398304,642.3103992425955,1580.5021470611748,1397.7964770780334,14.619493383729147,21.6042548659754,554.8307523931463,2388.0533148431937,9070.512039178664,1.2994942619086924,47.238009440820704,522.0738343246311,2387.9721482075497,8132.733126936427,8.3941536979146,0.031233290951759543,390.5001543287322,2388.0006168584055,99.99953346184948,39.045934246234445,23.403042882578955,0,39
58.98251531922475,46.85636924134204,0.00764258618797752,-0.001293478217847331,99.99905612684509,518.671555789593,642.3422148391688,1582.2959139717839,1399.590715813147,14.620934544115975,21.60254326773446,553.8720316673498,2388.014698937328,9059.37103156735,1.2986387033870483,47.1759654294167,522.1664252619785,2388.033014990515,8140.228288804553,8.427597346900633,0.030585138254164243,391.6439755959915,2387.9997648120006,100.00040116915426,38.996747181191864,23.407002690515252,0,40
62.559872782271995,91.4951477590316,0.0008225568822588993,0.0004710751737603402,100.0013984279508,518.6717245248631,642.5728665246896,1584.9107458540386,1409.876058688859,14.620657874840843,21.60894766461489,554.7826489968337,2388.0296079066597,9062.974604301999,1.3023407722959854,47.31652024461622,522.5983679968746,2387.976940557343,8146.003091437219,8.388638005038251,0.03061201804515673,391.97030064977,2387.9982391003973,99.99964584585989,38.87557518088411,23.501632229125192,0,41
66.87023140862479,85.84189898525918,0.003973050019181173,-0.003332476834138307,99.99997108330662,518.6683229225232,642.6870093513884,1580.8798717520876,1399.9056696413093,14.62163349069012,21.612575651840395,553.60622399359,2388.025064225376,9071.576508148126,1.3000857887306196,47.06558628073644,521.934647154985,2387.996067313796,8142.053888764372,8.389784675692981,0.029009284026248333,390.5165277263245,2387.99780133396,99.99934110948627,38.963851171057435,23.316274710964645,0,42
122.5365286572688,97.29681166733431,0.0036019182057616126,0.0013544082432508135,99.99967416507045,518.670797479662,642.1826524196684,1588.6924706414832,1401.9769247722465,14.62136463701519,21.609714993718786,554.4466865852778,2387.985476357218,9072.290098240348,1.2985644928124394,47.157048996423384,522.2645137311897,2388.0136952348876,8147.257458373809,8.381242368524052,0.02772190701761401,392.51857029107924,2387.998610991768,99.99857488215186,38.96625515444193,23.290952271381457,0,43
54.12521580273836,128.64639637295863,-0.0008234221303367644,-0.0004118451253244215,99.99918705861417,518.6726380637315,642.2456702339673,1584.8379976367296,1405.4824577772504,14.618983407589013,21.612763543396202,554.3517205567077,2388.036341029738,9063.050536090563,1.3010838020970759,47.38149333207673,522.3871296074195,2388.0312143482447,8137.7927956527765,8.377160706156442,0.03108991003208959,391.20360680255743,2387.9988120257735,100.00116462504806,39.0361473653732,23.380193571685705,0,44
113.44770225346275,26.616012405873835,0.004247887711174023,0.002478084650820845,99.99970470256828,518.6691566640785,642.1562944527512,1586.8676124918795,1402.1473515254763,14.622362073090263,21.606622287170147,554.2672307449375,2388.016247125564,9052.872685316524,1.3008253396095018,47.353751588979065,522.2443790699357,2387.969103661971,8145.655432156508,8.459224870153001,0.02919699140155905,391.59053571420316,2387.9985444172826,99.99945006753937,39.22822194079996,23.3628680248805,0,45
41.17338300197856,36.08046901547396,-0.0018167170656218957,-0.001470391569950694,99.99955500883206,518.6719050846825,642.8635311248437,1588.0613387149947,1396.6636742926726,14.620117896242622,21.60945256302056,554.3713048036741,2388.010361108542,9056.108262191128,1.2986728041881703,47.109112556648796,522.384017201967,2388.085411439144,8143.912971442057,8.441167859048523,0.030912997210852142,392.7860408655062,2387.9982578400677,100.0022968480682,38.86606234808572,23.442195645888283,0,46
37.506016833358544,16.84025970993833,-0.005664606109864651,0.0005705440436564137,99.9998565585575,518.6713325006899,642.1545870373916,1586.7825943136095,1409.508821908417,14.621216274012571,21.605679943731293,554.1889467473941,2387.9565065918136,9070.997740399764,1.2999911938264312,47.32446446087643,522.2742959890323,2387.970456353831,8144.595538517339,8.4153626237577,0.03361622573888486,391.9614058143137,2387.999583625728,100.00011869514162,39.09637398446694,23.34839590809666,0,47
65.76567613131539,80.0203550782247,0.00013034196021922907,-0.0005544749139858128,99.9990621958452,518.6658125102443,642.2554384645906,1583.6845449627206,1394.1913172688724,14.620078312979032,21.601207538962644,554.8972240753554,2387.9970346093814,9058.010217412533,1.3007365289631059,47.21760158531595,522.2466210504946,2388.0066178710626,8142.211798554929,8.415822092641374,0.02856059788676936,390.75383655874367,2388.0004206700573,99.99738556940136,39.01654688525324,23.554292655905485,0,48
65.77599941504332,12.374694311246849,-0.003918440539174807,-0.0037835332486106086,99.99738619090563,518.6707850265716,642.107747280953,1591.3379616649622,1398.4472101637148,14.619673966219501,21.61213509149879,554.17673471987,2388.0341981052898,9073.395995004286,1.2980172712116862,47.19893371650068,522.0252556284153,2388.0172509374243,8151.38630173698,8.42981573917754,0.03135527972939833,391.9187676158307,2388.0010889439154,99.99830272737451,39.01369053866063,23.4083474005552,0,49
41.88979176415774,57.25801628966429,-0.0011999543243118446,-0.0012989333793088165,99.99837422447521,518.6676815308626,642.1925369080412,1581.8438811154754,1403.1488966300014,14.620300400303204,21.60190880211351,553.8354968617234,2388.0591917821534,9058.882672571493,1.300413247636514,47.01893318766677,521.8983242801078,2388.015738163453,8143.606221445099,8.3863381102766,0.02669800157780948,391.87962824239145,2387.999416590144,100.00165696764292,39.21245214379351,23.32261371262639,0,50
28.58060253994433,140.4656681785863,-0.0017539981756858776,-0.0015535793780754828,99.99890225340803,518.6679386223896,641.9905710544698,1591.6317920938686,1405.0646144085943,14.621042878770611,21.612923888098482,553.9949561626746,2387.97322233963,9067.441712183117,1.3017199256705283,47.47392606675187,522.383132260894,2388.0236210451253,8145.589052347987,8.384036538465443,0.030778442788681932,391.8041036456264,2388.0021535362143,100.00144478732831,39.0101277275427,23.375039308716694,0,51
18.711162362209446,69.09206110448169,-0.005128707521962653,0.0008529693772284747,99.99976129793578,518.6680564315805,642.3875054563838,1585.3101188607698,1396.831645649737,14.619519205585373,21.603685269615895,555.1095097320899,2387.998936163583,9066.6836406656,1.2992982067394019,47.14562455755151,522.4784312730015,2388.009766204912,8151.423282019137,8.377479941558407,0.03021424556955054,393.20332074242435,2388.001309621647,100.00030529178113,39.03354345303795,23.433444070867584,0,52
55.98544996682317,52.03732495350208,0.004412829350031582,0.0003518037264454222,100.00055287795249,518.6718699166662,641.7972423964127,1588.2004175915376,1401.5236794215648,14.617445923018861,21.61012042554415,554.8362743484927,2388.061586476088,9059.961356917293,1.3008203012131105,47.289148584354685,522.2901266349826,2388.037708520422,8153.836320273478,8.405057832518251,0.033773876960718215,392.42416899779374,2388.000965621755,100.0010927372693,38.92727538595988,23.364696856905077,0,53
46.66215056389763,48.86657871329643,-0.002181263325825943,-0.0012136498142481307,100.00211369194311,518.6724372908105,642.6538911499861,1583.3948205413571,1405.0045242577605,14.620491331518227,21.607721198265025,553.7124241175907,2387.96971122365,9068.093716501304,1.3008544578015258,47.18445280632881,522.4697745627992,2388.068165867834,8137.859092339526,8.381184804954774,0.026962368880887502,392.0288436513546,2387.998922889494,99.99753578485333,38.87902238612654,23.4157836161183,0,54
86.21962680433086,0.35456069240968446,-0.0012216046355901344,0.0010260151097644056,99.99971909303571,518.6689607325969,642.5795289948935,1585.9159995691982,1396.91510815581,14.622143233408227,21.60861421560858,555.1998119164039,2387.9913000236497,9057.672471252781,1.3001282387959927,47.36064292172568,522.9171029418155,2387.9978134405937,8159.831448397273,8.404536028673895,0.03138571999696225,393.2883297457103,2387.9973226110487,99.99834395683403,39.05807841433779,23.447475531589845,0,55
5.141591511496699,76.65805837180224,0.0019797352363429012,-0.0028099418090420146,100.00058277737776,518.6697214724669,642.1071995067275,1580.680556900353,1407.5106359938445,14.619717221944502,21.60748981235519,554.4381600858594,2387.9710452618806,9063.27228943667,1.3014983680393235,47.38063316387386,522.6123324471935,2388.0293714384507,8147.338470918207,8.379741677280359,0.03024702665052112,391.4290273267593,2388.0019945543972,99.99946500428806,38.792042980824036,23.318795299934962,0,56
101.94341437483709,57.34839011221963,-0.0021363935014546993,0.0022043182322687856,100.00128232574065,518.6710682952074,642.5853268236442,1587.0958156531913,1396.749302442805,14.618916131012146,21.61202198995894,554.4556811513548,2388.0115238330263,9074.381322383935,1.299969005625981,47.23191391131801,522.4851925552349,2387.9881445362453,8140.820024322785,8.41238530525266,0.02960672108532207,390.79137253990206,2387.9995964594245,99.99648359043881,38.9743523789351,23.342569436280407,0,57
49.9618126917427,67.79471088654793,-0.001453227529886529,0.0009321628049476164,100.00022093673607,518.6705501828353,642.3792698773921,1582.6426538267137,1398.9009542244974,14.623863083031614,21.60780745608271,553.9225811512032,2387.991634252383,9067.142065038151,1.3014759385609098,47.09072823069284,521.8595506395329,2388.0293455480087,8144.312021678103,8.397932710594622,0.029347866523981702,392.64209465892924,2388.0025984505214,99.99957131145057,39.24970213990987,23.403243751871415,0,58
-42.859232502755226,17.60773026518286,0.004210145162140144,0.000473623337852918,99.99988709557127,518.6697383355911,641.9748679881122,1580.9585071939891,1389.059545124967,14.617732511298962,21.609535060658395,555.2222552774051,2388.002765218974,9065.134944178059,1.2995767125464084,47.222439453553164,522.2367046584194,2387.9891155960554,8149.401318930169,8.384423676117862,0.02963394809212565,392.38119136940486,2388.0045802428667,100.00128096860604,39.14034789672989,23.357264541969784,0,59
62.86043023935414,97.89858853456445,-0.0011550186279204995,-0.0003973788069492747,100.0011037077309,518.6697107182101,642.3698045229352,1585.9828331220942,1391.3837142390064,14.619251925854245,21.611771140441903,554.9213924570595,2388.052846831597,9071.725365078732,1.299207262542488,47.33102351330426,522.6259144757443,2388.021272718632,8140.119879358306,8.418503891736835,0.030701233867367027,392.1290051672938,2387.99833150308,100.00043222926567,38.97559872978343,23.320963516275427,0,60
90.83607147671589,59.31652167074297,0.0034074205282927524,-0.0014938454018305167,99.99911834190682,518.6718804160029,643.0108290948482,1586.9278355360973,1394.7395092585398,14.619828735526577,21.60967904355674,554.7543017483039,2388.030833132743,9061.237668289354,1.3019105440479795,47.30975330611296,522.6256611878498,2388.0047581925155,8146.554216076916,8.398353257617115,0.03165345326508647,391.5887109259899,2387.9999671977184,99.99692220652535,39.03002983512016,23.410488809241752,0,61
21.35633167219494,79.1596761087996,-0.0029681883606828764,-0.0005993901161978495,100.00146871846849,518.6671929703058,642.5906102624879,1576.7246994162704,1396.4850677095014,14.62112784907239,21.612905840142933,554.8727696555854,2388.031993503507,9057.57110131446,1.2992613857664594,47.231585380667795,521.7235018392262,2388.021897803354,8141.112497904629,8.387880251989815,0.030760473240377603,392.52315289731405,2388.0001805168586,100.00199572173146,39.12460126727072,23.40058092215964,0,62
52.807846246979466,77.94574889947701,-0.0002735026781519932,0.0004867944153601933,99.99962352229205,518.6710711464111,642.7954653917608,1589.7563126581247,1402.1514769105972,14.6193683046119,21.60746606818598,554.2185752157436,2387.9450069173186,9064.48618208694,1.3010290968345748,47.22819480971748,522.4540162887952,2388.012922214722,8146.786336582309,8.422549015717891,0.030276329714646867,392.17544329100735,2388.00088269265,100.00074427034598,38.89329156161064,23.4682952984884,0,63
31.016587313103056,92.20255865785055,0.0005237408001643115,0.0010821220108676681,100.00005231068012,518.6705038584677,642.1096840265586,1582.4693109327702,1400.8621920796816,14.619322442474022,21.611987038987806,554.3640228967938,2388.033903312905,9066.817222462258,1.3001205734684584,47.05944306653157,521.6012224166827,2387.9868444214744,8141.265280182921,8.423643901122624,0.029058111087944528,390.8775514969303,2388.00166895498,99.99893562569368,39.07771196154551,23.4646870449234,0,64
62.72684747273763,95.4946070208837,-0.004224461639055579,-0.0003685474142843616,100.00079994070043,518.6700632159507,642.6311440581756,1587.9637990280287,1387.5733220108198,14.619744868579087,21.609386530944366,553.5246232535914,2388.0753151473373,9063.270279500835,1.30314906555263,47.22764349215974,522.4002131381164,2388.0632595595193,8150.013604909582,8.420319735714616,0.0287768268622255,391.1297816270494,2388.002431407431,100.0001787110667,39.09597146789971,23.500292466453473,0,65
41.57995614272795,54.380458013639455,-0.0005086534103167309,-0.0011573703975942366,99.99686365725948,518.669973094131,641.9931644728641,1576.5662097843299,1398.4177225934914,14.620389707223367,21.61033587069297,553.7824786716925,2388.035674867424,9058.520096104132,1.2987144912053314,47.2199159125031,521.9315900539316,2387.996889515249,8129.7821550065055,8.4624251729093,0.029718111964518457,392.216934517041,2388.0015436409235,100.00015019286964,38.99649233358205,23.46686383727807,0,66
0.5678472366017076,31.44520475095036,-0.0026173800570468597,-0.00019866732713328338,100.0006410438576,518.6684191114219,642.2480364569642,1587.2616522162834,1400.5460459869234,14.619057137811108,21.608485467333836,554.7147040065452,2387.9457196703993,9048.225400262454,1.2996738346798007,47.427990273060416,522.0687131577347,2387.9858890504734,8133.714044452145,8.38938161642309,0.03011147766186657,390.21855520460474,2388.0020238632324,100.00024463701601,39.09007897400161,23.381169652295217,0,67
70.68162406762647,66.25954816831685,-0.0019855485948136213,-0.0014010789693477497,100.00070885756901,518.667362320652,642.0505460480795,1582.0583062656447,1399.6342407509367,14.622079252976077,21.614935667846247,554.0420448776251,2388.035361536026,9064.719538402092,1.2996144873639497,47.01902110296975,523.1226872203025,2388.0622919466323,8147.715750860999,8.422510479380566,0.028412245172897834,390.1046348927857,2387.999005682122,100.00076597385596,39.07281325945594,23.4523586655335,0,68
-4.0221007916635045,108.0161873112151,0.004186368725154758,-0.001830935071987857,100.00061510912853,518.6693130155513,642.4456590578311,1583.4446231614027,1394.614720174555,14.620406388176542,21.612183192531546,554.2300742951583,2387.9617278694272,9069.63459169557,1.2999616970733798,47.39341969498992,522.1270692787909,2388.0098064764825,8150.805884586897,8.387545656454156,0.029140599711979284,390.6858925127443,2387.99997926946,99.99882565370956,39.14253593852714,23.362571850689804,0,69
59.89361531241404,54.509865618946435,0.0006178506844320136,-0.00032873336041068323,99.99874524309541,518.6700886069841,642.4844618435895,1583.676362352014,1391.5015771821163,14.618733074385057,21.614094854766282,554.4238911268666,2388.0255292656707,9053.548047545888,1.2984574799692032,47.0670817856826,522.3096496007953,2387.9456355683396,8141.420795274199,8.379618405626331,0.03178087312293153,391.68081514516854,2388.00070853222,99.99817023423391,38.83947773276387,23.43167934741787,0,70
54.648577880605124,17.58475175550725,0.0002192885557402837,0.0004513850120939389,99.99946387272787,518.6705467298387,642.3573000442248,1583.962712646815,1388.328639738371,14.619502181945744,21.61256345626518,555.1789653367637,2388.0279367455896,9077.498104972929,1.3003903826541119,47.190101488886015,521.8198245083485,2387.964433341327,8137.905298565984,8.414509434471718,0.02943189333964823,392.8547397191849,2387.9999580249882,100.00090160260721,38.98462888329007,23.565659286769055,0,71
79.5345890057395,68.10651187576772,0.002586528115258935,0.00344810596364165,100.00159724872049,518.6694056287386,642.1179743319731,1582.1393144338704,1402.1736015247166,14.619649815975965,21.608724049478425,553.2674054105473,2388.0591093549674,9050.90624953658,1.3028388228049796,47.38009669267202,523.1353024505314,2388.069467320004,8138.388526021925,8.400278768097138,0.030278916041275476,392.0089981043482,2387.998928379677,100.00138083777503,38.96034294178855,23.424442619570584,0,72
73.87331758571527,34.55292196029589,-0.001984056372014441,-0.0010035188564951677,100.00030938684033,518.6700017477334,642.4377371348211,1587.292590887917,1402.5461770487807,14.619553285955392,21.608636596179327,554.5124987070416,2388.0183579861796,9069.034968582246,1.2988505536068309,47.379519254083554,522.4966383570011,2388.0546754180036,8146.93701518695,8.385936493524943,0.029790368135599012,391.1421598815606,2387.9988279554595,99.99725327360133,39.0702531595601,23.420436600547138,0,73
49.8131611729641,51.577431936210374,0.0031081513978974077,-0.0012691208058321867,99.9981283002002,518.669059187996,642.4210137497838,1581.980901581362,1395.0206107727806,14.62145593230976,21.603951947181923,554.048884158838,2388.0219609411924,9060.620666606255,1.3000115526070581,47.211504779550694,522.1781179685761,2388.0124966092753,8139.228164112483,8.405097363590224,0.0304859888128275,392.630607354188,2388.000271237216,100.00317299682081,39.06237243159513,23.30058970804433,0,74
17.232614031122413,89.10052452110523,-6.115572282731723e-05,-0.0004896362431474569,99.999559439249,518.6680487217794,641.6497769695711,1596.6053357880448,1404.0097520138415,14.618742183004517,21.609149990564962,554.1016896125329,2387.991155756614,9065.435415489572,1.3011968480337472,47.16383361560565,522.2212449786275,2388.022487357759,8146.889001002946,8.428341843159057,0.03022511217570732,392.15833884290953,2387.9988248438844,99.99904538871377,38.95273119686544,23.36498366005115,0,75
26.79107221213666,97.48136230713487,-0.0007810196812660828,-0.000652723801458469,100.00002450032666,518.6679101022961,641.7874796341545,1588.2883177338063,1398.3912289229895,14.619818716191455,21.609788599684684,555.1891579323003,2387.983193406212,9060.634028532804,1.3005917164973433,47.30318189230047,522.7528222517492,2388.019541940988,8149.660055912515,8.4270176216778,0.030202753780030057,391.70822370012786,2387.999699558023,99.9958913730357,38.909919537485266,23.41030656874343,0,76
42.70837512279485,39.063950628040665,0.0029050976465806178,-0.0017644409013071406,100.00087493557768,518.669211129552,642.1785395231417,1586.3971988709357,1400.8064217011613,14.620926020336343,21.606414794695787,553.8266764134418,2388.0321293569486,9058.416966525778,1.2986936026876392,47.320155840236644,522.5762246871839,2388.0458283709886,8152.859814957015,8.385509309761524,0.03238278273725923,392.3841919331239,2387.99976648736,99.99952333225086,38.88305685372517,23.299768511655785,0,77
50.93940129099511,-7.9461152441543845,0.004008580108105996,-0.00035616605476770436,100.0003707147582,518.6714333979536,642.206888069094,1574.1961673977,1398.4271506972896,14.618923357890067,21.60952904387056,553.2717092024002,2388.0552748007594,9050.32292247072,1.3014227790461608,47.30499314512701,522.2039748489209,2388.0247305735043,8136.553312107231,8.389290376256758,0.030278846545027698,392.5382777837073,2387.998061465328,99.99686461298927,38.99138706289356,23.525983408215264,0,78
60.21395492067545,111.15189281742153,0.00302857769686749,0.0005387985343759173,99.99907136456801,518.669258985533,643.2355290740808,1586.4506214849253,1399.8265736416367,14.621043086033648,21.608983158460056,552.5137715284202,2388.08165313725,9057.481547655823,1.300455807690271,47.532530181747774,521.3615204116678,2388.070470295328,8158.017946711499,8.432331555210112,0.030225519610401607,393.00725878501515,2387.9988837867218,100.00144592107532,38.85271292060001,23.205421196593328,2,79
0.9444861644100797,85.63291007354194,-0.001349886972422979,-7.6781651703142e-05,100.00030357968049,518.6696127254842,642.0941684764407,1589.4358248783192,1402.5844379609032,14.620339502125693,21.609816339638456,553.7112054448313,2388.197722379578,9065.153580695738,1.300409734880944,47.45070930053947,521.4386081319433,2388.070412406016,8147.315857016298,8.394058526985843,0.028872751027601538,393.158282008825,2387.99856444514,100.00004387641988,38.851986795217215,23.35437790416276,2,80
34.39521869193402,112.1090000500091,-0.002979244335391797,0.0005837852373380453,99.9999395001086,518.6719188627015,642.2097859852281,1592.292412713245,1404.9962077635078,14.620243243522324,21.610807220292973,553.294382642354,2388.0844673330557,9066.482325743267,1.2995699729561454,47.38735607780751,521.7458111956367,2388.114594267916,8139.924994002777,8.440026330832008,0.02958639651379094,395.0487775130037,2387.9997807425243,99.9996004770557,38.881602620945365,23.399921064473208,2,81
8.62116461823424,56.68116516848846,-0.0036337876449931096,3.429058426043105e-05,100.00240985708339,518.6692642386782,642.4531413185701,1590.7948004167436,1409.7864067391743,14.621814536881498,21.610195693724126,553.7129034377353,2388.0664864772075,9041.93810916522,1.2985908750115815,47.58980687945466,521.9484239221281,2388.0419401453782,8119.965897617383,8.42553518289848,0.02982671128098976,393.2253388627044,2388.000850206529,100.00050245108619,38.63633585691417,23.392450433908458,2,82
79.52800130327927,89.95265142080709,0.0016015646670125728,0.0011487023687679879,99.99955427022307,518.6693824938974,642.5126794210286,1590.0736819039098,1400.6333556903542,14.619925417503572,21.60837282082758,553.5924485899343,2388.1546130590245,9058.807948231979,1.2995387414440742,47.14259088539963,521.8175233675623,2388.116804219375,8158.279877662261,8.414045585292078,0.03029243958556883,391.77744927803946,2388.000030313358,100.00031806378679,38.848917689727834,23.325688580200655,2,83
24.100806937406702,58.229826221143746,-0.001432281104352718,0.00022259970997085479,100.00009633979624,518.6685483575206,642.2427617442174,1593.7687958228728,1415.0123194892126,14.619479088991753,21.611648747797396,554.0063232661524,2388.16475555977,9046.294770034228,1.3004394158929777,47.657708562727166,520.9811641326103,2388.0469051447776,8130.474743910666,8.398291064807639,0.030350486554950585,392.84835968716,2388.0007038009194,100.00052006098068,38.89442005799862,23.262113904530406,2,84
60.391991748640294,78.5564492315922,-0.0013370780888263415,-0.0010539865906198586,100.00061178283022,518.6690023325518,643.281957509917,1589.3143393064463,1411.721946806888,14.621531939782956,21.610402086236892,553.8741141007337,2388.1366404185073,9088.250117136193,1.3004188022570662,47.56360296247321,521.2993837221863,2388.1175892041283,8177.94809459682,8.425060794593836,0.030712624955657644,393.68979068864496,2387.999656414267,99.99999488061249,38.8846309892313,23.34193203040975,2,85
94.42671067278991,59.34219878898571,-0.002663041901305003,-0.0009693830278935623,100.00176992101574,518.670063739223,642.6726114237749,1585.6831471372752,1412.6239947455151,14.62070636492587,21.61034451594447,554.1063105797573,2388.05351970213,9059.740629367123,1.2994058915956848,47.494082888802346,522.2175715069835,2388.161404332605,8145.284390025578,8.433250103500356,0.03074091393314269,393.32453294516364,2387.999432151542,100.00101690201414,38.85729347530041,23.312002583768066,2,86
14.710929330662033,40.809062405955295,-0.0008660167507493239,-0.0012710151235692572,99.99995549152277,518.6700299720374,643.0877611317519,1596.9337158819883,1405.062071822074,14.61912433312011,21.60962173191444,552.4792802624416,2388.1492515712953,9039.466429636452,1.2991182867238447,47.50627012335069,520.9578962021702,2388.1212298044843,8153.377885570558,8.475203303424424,0.030238122598730446,392.5443468191004,2387.9993267672867,100.00031450638924,38.75960478844259,23.306076131304437,2,87
35.780904954848005,189.5391795734219,0.00045580985276752944,-0.0007778400172506976,100.00084718673872,518.6705991313415,642.6142975969801,1582.7550559257108,1402.481104526788,14.620927379642398,21.61137100917522,553.0407442009682,2388.0948690724126,9051.663671826314,1.3010886131872665,47.670312358508816,520.6871763260499,2388.116424748833,8160.621788925191,8.444550891934442,0.031141534200214996,392.23108399725453,2387.99863619731,99.99855916647715,38.671435492986205,23.300941973093146,2,88
62.96803643526329,133.26777165877618,-6.827277016875913e-05,-0.0001645185355379902,99.99853026011529,518.6715988838691,642.8372716863109,1595.3177434430004,1414.0960062187155,14.620755724241823,21.610206126963693,553.3736253734642,2388.124216026621,9065.994336077132,1.2998797197827248,47.61440256203948,520.780006235872,2388.08328492781,8123.370987024574,8.41529297121414,0.02966193122278062,392.87226791374826,2388.001226164589,99.9996004363448,38.81770517623248,23.37442302080218,2,89
25.524449810983512,148.24359006517972,0.0003538057174258765,0.0016477476513702218,100.00026060548765,518.6707405461233,643.0048899008304,1586.2641445295653,1404.688438815591,14.620701216577794,21.60983071083745,553.2353110510599,2388.1628211920606,9065.557354147042,1.300140736068975,47.590014735912995,522.1299331489446,2388.1078375606144,8146.67633522362,8.456581849534423,0.029433187643089394,394.9424701949933,2387.99976066886,99.99842851582083,38.87922709155264,23.195480690800217,2,90
94.67865439731602,87.51106295706593,-0.0011824274363803058,0.0013899717774957558,100.0003110880591,518.6705214633716,642.9571545517982,1597.7575953816668,1405.1881720796505,14.619744056334302,21.60885045737556,552.9849123762094,2388.0980187786945,9042.014496666448,1.2997447854307418,47.47192224497662,521.2011714435023,2388.0113048782778,8148.213818530837,8.423301601374138,0.030743976315827936,395.2501543076244,2388.000859350863,100.00072305344128,38.81971077239514,23.296534294548668,2,91
21.425309677879145,42.069897740470424,-0.003335782470605011,1.6763011865911826e-05,100.00145540254064,518.6689919852405,643.0078203687739,1592.4919409660884,1396.895880106574,14.620150637756325,21.61038211685801,553.1460852502615,2388.1468728887558,9061.95785400281,1.3001599353774957,47.35926639390996,521.1503194736505,2388.0988610682084,8119.270886652856,8.388092338567095,0.030774891482598814,394.2403709524205,2388.0003186626504,99.99964376500967,38.66218216734867,23.34488836486878,2,92
27.079264753006427,133.50384603996397,0.0024110552074639645,0.002009477714415219,100.00048909304932,518.6675912818387,642.2218557600384,1594.2032526739551,1413.7107369178557,14.620356445599027,21.608549028914382,553.4265218550622,2388.036254292228,9054.789111230328,1.301711688254723,47.49719136558909,521.1325086383156,2388.1181055050015,8136.059197340353,8.426334634500675,0.02828011522690448,391.7845940134549,2388.000002996085,99.99920566248676,38.788267289059064,23.46672751697901,2,93
116.50760497338248,133.11585623779965,0.0048009562073452455,0.0009238556518207395,100.00030952861995,518.6680938454527,642.2128557000885,1586.6239251844906,1406.643714626772,14.620120781736421,21.60899693227555,552.963728764497,2388.0965757524164,9064.068807081909,1.301138552853788,47.50980709740796,521.2340844542608,2388.110234425325,8128.4097897761385,8.421474695829174,0.03076687703868237,393.581683326113,2387.9998341364694,100.00033065688481,38.84626504147935,23.10445155793531,2,94
47.47654879340446,23.855164572823128,-0.0015199205684330787,-0.0011399862079340714,100.00116628993261,518.6705954032867,641.8787367649413,1588.0979144131102,1415.12043353348,14.617982197877364,21.60942880368246,553.4281820071946,2388.0136579187083,9049.48268782172,1.299446737783794,47.43930679352279,521.8010223873973,2388.0761202607455,8138.90794699968,8.455085936772203,0.029831183447913842,393.07193251433233,2387.9989902018074,100.00082066025355,38.85039208894955,23.379790043943217,2,95
96.38146174326651,116.71938598401682,0.0012722123711466872,0.0013881316963939533,99.99888654556405,518.6690972559098,643.1885651023612,1592.89683799007,1412.5000603672527,14.621015439228279,21.610717374942812,553.4277883487615,2388.1147685513597,9079.942939407167,1.3017058878760757,47.42238193935268,521.8979160302488,2388.0930997326914,8144.79049366587,8.445335034678564,0.030284150352543455,391.8931722794867,2388.000828327635,99.9999154714273,38.888346790587995,23.3054277693579,2,96
30.896053567504218,37.284559122214276,-0.0028017345352832883,-0.0008569504931565331,99.99887245456604,518.6705047277036,643.0165148993959,1594.131461092215,1408.536892825378,14.618749249174,21.61054638610352,554.213617861111,2388.106427944338,9055.43889053005,1.3004237731306554,47.43171117644622,521.656147791579,2388.138864633483,8122.397950456231,8.453472731607038,0.029132385693300185,392.14628046426316,2388.000555303664,100.00077593255313,38.927275176087775,23.217344495786147,2,97
94.15068104224429,45.484916263214316,0.0027432712576042667,-0.0007764269007505349,99.99945332816172,518.6683440406902,643.0630625583581,1592.308698732399,1406.6603843072076,14.619539098958885,21.610337221506803,553.4329620374857,2388.066612731634,9054.19686899003,1.2999109495508363,47.629061268811355,520.9069129929858,2388.127714449615,8138.872725438837,8.443086553399006,0.030288847297996125,392.54195408474914,2388.0005685311116,100.00111132897877,38.79020633729638,23.261484138960476,2,98
91.13538301030047,137.39657130973643,0.0008599345062686887,-0.002014620065927191,99.99953732933106,518.669032301198,642.6670454231797,1594.6703543665064,1419.2954682304658,14.62011302985128,21.61057225847466,553.9587352222698,2388.121283922556,9065.940430369215,1.299458071830932,47.477227654882086,521.499145006039,2388.1680144596035,8153.110831292445,8.406077832958411,0.03080987095028593,393.38457248326597,2388.001315109364,100.00178771571125,39.01200463626453,23.236729076288107,2,99
